id,file,symbol_or_kind,lines,match_count,snippet,current_mechanism,current_role_ownership_assumption,target_capability,server_enforcement,rls_enforcement,ui_enforcement,owner_user_id_class,migration_dependency,wave,risk,test_required,scope
0001,app/(app)/booking-journey/payments-actions.ts,markLineItemPaid,120,1,"const result = await markLineItemPaid(deposit.id, deposit.schedule_id, {",markLineItemPaid service,venue membership; no role gate,payments.mark_paid,Y,N,N,,staff narrowing / finance caps,7,M,Y,venue_team
0002,app/(app)/clients/[id]/floor-plans/[planId]/page.tsx,canEditFloorPlans,35,1,const canEdit = canEditFloorPlans(role);,app role helper O/M/C,owner|manager|coordinator,events.floor_plans,N,N,Y,,staff narrowing / finance caps,7,M,Y,venue_team
0003,app/(app)/clients/[id]/floor-plans/[planId]/page.tsx,getCurrentUserRole,30,1,"getCurrentUserRole(),",app getCurrentUserRole() → RPC current_user_role(),owner|manager|coordinator|staff via LIMIT 1,events.floor_plans,partial,N,Y,,staff narrowing / finance caps,7,H,Y,venue_team
0004,app/(app)/clients/[id]/page.tsx,canDeleteFloorPlanRows,"215,286",2,canDelete={canDeleteFloorPlanRows(staffRole)},app role helper O/M,owner|manager,events.floor_plans,N,N,Y,,remaining role-string retirement,9,M,Y,venue_team
0005,app/(app)/clients/[id]/page.tsx,canEditFloorPlans,"214,285",2,canEdit={canEditFloorPlans(staffRole)},app role helper O/M/C,owner|manager|coordinator,events.floor_plans,N,N,Y,,remaining role-string retirement,9,M,Y,venue_team
0006,app/(app)/clients/[id]/page.tsx,getCurrentUserRole,"129,284",2,"getCurrentUserRole(),",app getCurrentUserRole() → RPC current_user_role(),owner|manager|coordinator|staff via LIMIT 1,LEGACY_ROLE_RESOLUTION,partial,N,Y,,remaining role-string retirement,9,H,Y,venue_team
0007,app/(app)/events/[id]/edit/page.tsx,getCurrentUserRole,25,1,"getEvent(id), getSpaces(), getCapacityRules(), getCurrentUserRole(),",app getCurrentUserRole() → RPC current_user_role(),owner|manager|coordinator|staff via LIMIT 1,LEGACY_ROLE_RESOLUTION,partial,N,Y,,remaining role-string retirement,9,H,Y,venue_team
0008,app/(app)/events/[id]/edit/page.tsx,role_eq_manager,28,1,"const canEditBookingDate = role === ""owner"" || role === ""manager"";",role-string comparison,role===manager,LEGACY_ROLE_STRING,N,N,Y,,remaining role-string retirement,9,M,Y,venue_team
0009,app/(app)/events/[id]/edit/page.tsx,role_eq_owner,28,1,"const canEditBookingDate = role === ""owner"" || role === ""manager"";",role-string comparison,role===owner,LEGACY_ROLE_STRING,N,N,Y,,remaining role-string retirement,9,M,Y,venue_team
0010,app/(app)/events/[id]/floor-plans/[planId]/page.tsx,canEditFloorPlans,42,1,const canEdit = canEditFloorPlans(role);,app role helper O/M/C,owner|manager|coordinator,events.floor_plans,N,N,Y,,staff narrowing / finance caps,7,M,Y,venue_team
0011,app/(app)/events/[id]/floor-plans/[planId]/page.tsx,getCurrentUserRole,38,1,"getCurrentUserRole(),",app getCurrentUserRole() → RPC current_user_role(),owner|manager|coordinator|staff via LIMIT 1,events.floor_plans,partial,N,Y,,staff narrowing / finance caps,7,H,Y,venue_team
0012,app/(app)/events/[id]/seating-print/page.tsx,canViewSeating,29,1,if (!canViewSeating(role)) notFound();,app role helper O/M/C/S,owner|manager|coordinator|staff,events.floor_plans,N,N,Y,,staff narrowing / finance caps,7,M,Y,venue_team
0013,app/(app)/events/[id]/seating-print/page.tsx,getCurrentUserRole,28,1,const role = await getCurrentUserRole();,app getCurrentUserRole() → RPC current_user_role(),owner|manager|coordinator|staff via LIMIT 1,events.floor_plans,partial,N,Y,,staff narrowing / finance caps,7,H,Y,venue_team
0014,app/(app)/events/[id]/seating/page.tsx,canViewSeating,33,1,const canView = canViewSeating(role);,app role helper O/M/C/S,owner|manager|coordinator|staff,events.floor_plans,N,N,Y,,staff narrowing / finance caps,7,M,Y,venue_team
0015,app/(app)/events/[id]/seating/page.tsx,getCurrentUserRole,32,1,const role = await getCurrentUserRole();,app getCurrentUserRole() → RPC current_user_role(),owner|manager|coordinator|staff via LIMIT 1,events.floor_plans,partial,N,Y,,staff narrowing / finance caps,7,H,Y,venue_team
0016,app/(app)/events/[id]/seating/page.tsx,role_eq_coordinator,101,1,"canAssist={role === ""owner"" || role === ""manager"" || role === ""coordinator""}",role-string comparison,see snippet,events.floor_plans,N,N,Y,,staff narrowing / finance caps,7,M,Y,venue_team
0017,app/(app)/events/[id]/seating/page.tsx,role_eq_manager,101,1,"canAssist={role === ""owner"" || role === ""manager"" || role === ""coordinator""}",role-string comparison,role===manager,events.floor_plans,N,N,Y,,staff narrowing / finance caps,7,M,Y,venue_team
0018,app/(app)/events/[id]/seating/page.tsx,role_eq_owner,101,1,"canAssist={role === ""owner"" || role === ""manager"" || role === ""coordinator""}",role-string comparison,role===owner,events.floor_plans,N,N,Y,,staff narrowing / finance caps,7,M,Y,venue_team
0019,app/(app)/layout.tsx,getCurrentUserRole,111,1,const staffRole = await getCurrentUserRole();,app getCurrentUserRole() → RPC current_user_role(),owner|manager|coordinator|staff via LIMIT 1,LEGACY_ROLE_RESOLUTION,N,N,N,,remaining role-string retirement,9,H,Y,venue_team
0020,app/(app)/library/floor-plan-templates/[id]/page.tsx,canEditFloorPlans,61,1,readOnly={!canEditFloorPlans(role)},app role helper O/M/C,owner|manager|coordinator,events.floor_plans,N,N,Y,,staff narrowing / finance caps,7,M,Y,venue_team
0021,app/(app)/library/floor-plan-templates/[id]/page.tsx,getCurrentUserRole,28,1,"getCurrentUserRole(),",app getCurrentUserRole() → RPC current_user_role(),owner|manager|coordinator|staff via LIMIT 1,events.floor_plans,partial,N,Y,,staff narrowing / finance caps,7,H,Y,venue_team
0022,app/(app)/library/floor-plan-templates/page.tsx,canDeleteFloorPlanRows,34,1,canDelete={canDeleteFloorPlanRows(role)},app role helper O/M,owner|manager,events.floor_plans,N,N,Y,,staff narrowing / finance caps,7,M,Y,venue_team
0023,app/(app)/library/floor-plan-templates/page.tsx,canEditFloorPlans,33,1,canEdit={canEditFloorPlans(role)},app role helper O/M/C,owner|manager|coordinator,events.floor_plans,N,N,Y,,staff narrowing / finance caps,7,M,Y,venue_team
0024,app/(app)/library/floor-plan-templates/page.tsx,getCurrentUserRole,20,1,"getTemplatesForLibrary(), getSpaces(), getCurrentVenue(), getEvents(), getCurrentUserRole(),",app getCurrentUserRole() → RPC current_user_role(),owner|manager|coordinator|staff via LIMIT 1,events.floor_plans,partial,N,Y,,staff narrowing / finance caps,7,H,Y,venue_team
0025,app/(app)/payments/[id]/actions.ts,cancelLineItem_,65,1,const result = await cancelLineItem_(itemId);,cancelLineItem_ service,venue membership; no role gate,payments.cancel_unpaid,Y,N,N,,staff narrowing / finance caps,7,M,Y,venue_team
0026,app/(app)/payments/[id]/actions.ts,markLineItemPaid,42,1,"const result = await markLineItemPaid(itemId, scheduleId, input);",markLineItemPaid service,venue membership; no role gate,payments.mark_paid,Y,N,N,,staff narrowing / finance caps,7,M,Y,venue_team
0027,app/(app)/payments/[id]/actions.ts,refundLineItem_,82,1,"const result = await refundLineItem_(itemId, scheduleId, refundAmount, reason);",refundLineItem_ service,owner only,payments.refund,Y,N,N,,sensitive capability conversion,6,H,Y,venue_team
0028,app/(app)/payments/[id]/page.tsx,getCurrentUserRole,21,1,"getCurrentUserRole(),",app getCurrentUserRole() → RPC current_user_role(),owner|manager|coordinator|staff via LIMIT 1,LEGACY_ROLE_RESOLUTION,partial,N,Y,,remaining role-string retirement,9,H,Y,venue_team
0029,app/(app)/reporting/saved/[id]/page.tsx,getCurrentUserRole,20,1,"getSavedReport(id), getScheduleForReport(id), getCurrentUserRole(), createClient(),",app getCurrentUserRole() → RPC current_user_role(),owner|manager|coordinator|staff via LIMIT 1,reports.view|reports.schedule,partial,N,Y,,remaining role-string retirement,9,H,Y,venue_team
0030,app/(app)/reporting/saved/[id]/page.tsx,role_eq_manager,24,1,"const canSchedule = role === ""owner"" || role === ""manager"";",role-string comparison,role===manager,reports.view|reports.schedule,N,N,Y,,remaining role-string retirement,9,M,Y,venue_team
0031,app/(app)/reporting/saved/[id]/page.tsx,role_eq_owner,24,1,"const canSchedule = role === ""owner"" || role === ""manager"";",role-string comparison,role===owner,reports.view|reports.schedule,N,N,Y,,remaining role-string retirement,9,M,Y,venue_team
0032,app/(app)/settings/actions.ts,exportVenueData,18,1,return exportVenueData();,exportVenueData service,any member of current venue,data.export,Y,N,N,,sensitive capability conversion,6,H,Y,venue_team
0033,app/(app)/settings/availability/page.tsx,getCurrentUserRole,34,1,"getCurrentUserRole(),",app getCurrentUserRole() → RPC current_user_role(),owner|manager|coordinator|staff via LIMIT 1,settings.availability,partial,N,Y,,remaining role-string retirement,9,H,Y,venue_team
0034,app/(app)/settings/availability/page.tsx,role_eq_manager,39,1,"const canEditCatalog = role === ""owner"" || role === ""manager"";",role-string comparison,role===manager,settings.availability,N,N,Y,,remaining role-string retirement,9,M,Y,venue_team
0035,app/(app)/settings/availability/page.tsx,role_eq_owner,39,1,"const canEditCatalog = role === ""owner"" || role === ""manager"";",role-string comparison,role===owner,settings.availability,N,N,Y,,remaining role-string retirement,9,M,Y,venue_team
0036,app/(app)/settings/commercial-booking-actions.ts,getCurrentUserRole,17,1,const role = await getCurrentUserRole();,app getCurrentUserRole() → RPC current_user_role(),owner|manager|coordinator|staff via LIMIT 1,settings.availability,Y,N,N,,remaining role-string retirement,9,H,Y,venue_team
0037,app/(app)/settings/commercial-booking-actions.ts,role_ne_owner,18,1,"if (role !== ""owner"" && role !== ""manager"") {",role-string comparison,see snippet,settings.availability,Y,N,N,,remaining role-string retirement,9,M,Y,venue_team
0038,app/(app)/settings/leads/page.tsx,getCurrentUserRole,27,1,"getCurrentVenue(), getIntakeHealthSummary(), getEmailIntakeStatus(), getTourSettings(), getInquiryFormSettings(), getCurrentUserRole(),",app getCurrentUserRole() → RPC current_user_role(),owner|manager|coordinator|staff via LIMIT 1,LEGACY_ROLE_RESOLUTION,partial,N,Y,,remaining role-string retirement,9,H,Y,venue_team
0039,app/(app)/settings/leads/page.tsx,role_eq_manager,29,1,"const canEditInquiryForm = role === ""owner"" || role === ""manager"";",role-string comparison,role===manager,LEGACY_ROLE_STRING,N,N,Y,,remaining role-string retirement,9,M,Y,venue_team
0040,app/(app)/settings/leads/page.tsx,role_eq_owner,29,1,"const canEditInquiryForm = role === ""owner"" || role === ""manager"";",role-string comparison,role===owner,LEGACY_ROLE_STRING,N,N,Y,,remaining role-string retirement,9,M,Y,venue_team
0041,app/(app)/settings/team/actions.ts,StaffRole,"9,29",2,"import type { StaffInput, TeamActionResult, StaffRole } from ""@/lib/team/types"";",StaffRole type/usage,see snippet,team.invite|team.change_access|team.remove,Y,N,N,,sensitive capability conversion,6,M,Y,venue_team
0042,app/(app)/setup-hub/lead-capture/page.tsx,getCurrentUserRole,38,1,"getCurrentUserRole(),",app getCurrentUserRole() → RPC current_user_role(),owner|manager|coordinator|staff via LIMIT 1,LEGACY_ROLE_RESOLUTION,partial,N,Y,,remaining role-string retirement,9,H,Y,venue_team
0043,app/(app)/setup-hub/lead-capture/page.tsx,role_eq_manager,50,1,"const canEditInquiryForm = role === ""owner"" || role === ""manager"";",role-string comparison,role===manager,LEGACY_ROLE_STRING,N,N,Y,,remaining role-string retirement,9,M,Y,venue_team
0044,app/(app)/setup-hub/lead-capture/page.tsx,role_eq_owner,50,1,"const canEditInquiryForm = role === ""owner"" || role === ""manager"";",role-string comparison,role===owner,LEGACY_ROLE_STRING,N,N,Y,,remaining role-string retirement,9,M,Y,venue_team
0045,app/(app)/tasks/page.tsx,getCurrentUserRole,100,1,"getCurrentUserRole(),",app getCurrentUserRole() → RPC current_user_role(),owner|manager|coordinator|staff via LIMIT 1,LEGACY_ROLE_RESOLUTION,partial,N,Y,,remaining role-string retirement,9,H,Y,venue_team
0046,app/(app)/tours/page.tsx,canRefundTourFee,53,1,<PaidUnbookedProtectionList requests={unresolvedProtection} canRefund={canRefundTourFee(role)} />,app role helper owner|manager,owner|manager,payments.refund,N,N,Y,,sensitive capability conversion,6,H,Y,venue_team
0047,app/(app)/tours/page.tsx,getCurrentUserRole,23,1,"getCurrentUserRole(),",app getCurrentUserRole() → RPC current_user_role(),owner|manager|coordinator|staff via LIMIT 1,LEGACY_ROLE_RESOLUTION,partial,N,Y,,remaining role-string retirement,9,H,Y,venue_team
0048,app/api/internal/enrollment/activate/route.ts,current_user_role_rpc,104,1,// current_user_role() expect it.,SQL/RPC current_user_role(),prefers venues.owner_user_id then staff role LIMIT 1,LEGACY_ROLE_RESOLUTION,Y,N,N,,multi-owner + account contact,4,M,Y,venue_team
0049,app/api/internal/enrollment/activate/route.ts,owner_user_id,108,1,"p_owner_user_id: userId,",venues.owner_user_id reference,singular venue owner column,OWNER_USER_ID_REF,Y,N,N,a_account_contact,multi-owner + account contact,4,H,Y,venue_team
0050,app/api/internal/product-access/lock/route.ts,is_owner_eq,75,1,".eq(""is_owner"", true)",is_owner query filter,single is_owner row assumed often,ownership.* / is_owner,Y,N,N,,multi-owner + account contact,4,H,Y,venue_team
0051,app/api/venue/seating/assign/route.ts,current_user_venue_id,7,1,// current_user_venue_id() plus an active seating_delegations row for the,SQL/RPC current_user_venue_id(),owner_user_id venue then staff venue LIMIT 1,events.floor_plans,Y,N,N,,staff narrowing / finance caps,7,M,Y,venue_team
0052,app/api/venue/seating/route.ts,current_user_venue_id,5,1,"// Venue-authenticated read for one floor plan (current_user_venue_id(),",SQL/RPC current_user_venue_id(),owner_user_id venue then staff venue LIMIT 1,events.floor_plans,Y,N,N,,staff narrowing / finance caps,7,M,Y,venue_team
0053,app/setup/actions.ts,getCurrentUserRole,59,1,"getCurrentUserRole(),",app getCurrentUserRole() → RPC current_user_role(),owner|manager|coordinator|staff via LIMIT 1,LEGACY_ROLE_RESOLUTION,Y,N,N,,remaining role-string retirement,9,H,Y,venue_team
0054,app/setup/actions.ts,role_eq_manager,71,1,"canEditInquiryForm: role === ""owner"" || role === ""manager"",",role-string comparison,role===manager,LEGACY_ROLE_STRING,Y,N,N,,remaining role-string retirement,9,M,Y,venue_team
0055,app/setup/actions.ts,role_eq_owner,71,1,"canEditInquiryForm: role === ""owner"" || role === ""manager"",",role-string comparison,role===owner,LEGACY_ROLE_STRING,Y,N,N,,remaining role-string retirement,9,M,Y,venue_team
0056,components/library/library-documents-manager.tsx,current_user_venue_id,87,1,"// compare the first path segment to current_user_venue_id(), so a literal",SQL/RPC current_user_venue_id(),owner_user_id venue then staff venue LIMIT 1,ACTIVE_VENUE_CONTEXT,N,N,Y,,active venue context,2,H,Y,venue_team
0057,components/settings/team-roster.tsx,StaffRole,"6,35,42,62,122,170,260",7,"import type { StaffMember, StaffRole } from ""@/lib/team/types"";",StaffRole type/usage,see snippet,team.invite|team.change_access|team.remove,N,N,Y,,sensitive capability conversion,6,M,Y,venue_team
0058,lib/activation/service.ts,is_owner_eq,133,1,".eq(""is_owner"", false)",is_owner query filter,single is_owner row assumed often,ownership.* / is_owner,Y,N,N,,multi-owner + account contact,4,H,Y,venue_team
0059,lib/availability/assert-event-availability.db.sql,owner_user_id,31,1,"insert into public.venues (id, owner_user_id, name)",venues.owner_user_id reference,singular venue owner column,settings.availability,Y,partial,N,c_review_specific_actor_or_contact,remaining role-string retirement,9,M,Y,venue_team
0060,lib/availability/calendar-block-recurrence.db.sql,owner_user_id,27,1,"insert into public.venues (id, owner_user_id, name, timezone)",venues.owner_user_id reference,singular venue owner column,settings.availability,Y,partial,N,c_review_specific_actor_or_contact,remaining role-string retirement,9,M,Y,venue_team
0061,lib/availability/direct-add-transactional.db.sql,current_user_venue_id,7,1,-- auth.role() is service_role; venue resolution is current_user_venue_id().,SQL/RPC current_user_venue_id(),owner_user_id venue then staff venue LIMIT 1,settings.availability,Y,Y,N,,remaining role-string retirement,9,M,Y,venue_team
0062,lib/availability/direct-add-transactional.db.sql,owner_user_id,30,1,"insert into public.venues (id, owner_user_id, name)",venues.owner_user_id reference,singular venue owner column,settings.availability,Y,partial,N,c_review_specific_actor_or_contact,remaining role-string retirement,9,M,Y,venue_team
0063,lib/availability/event-availability-write.db.sql,owner_user_id,28,1,"insert into public.venues (id, owner_user_id, name)",venues.owner_user_id reference,singular venue owner column,settings.availability,Y,partial,N,c_review_specific_actor_or_contact,remaining role-string retirement,9,M,Y,venue_team
0064,lib/availability/inquiry-event-date.db.sql,owner_user_id,27,1,"insert into public.venues (id, owner_user_id, name)",venues.owner_user_id reference,singular venue owner column,settings.venue_profile,Y,partial,N,c_review_specific_actor_or_contact,remaining role-string retirement,9,M,Y,venue_team
0065,lib/booking-journey/setup-payments.ts,getCurrentUserRole,408,1,const role = await getCurrentUserRole();,app getCurrentUserRole() → RPC current_user_role(),owner|manager|coordinator|staff via LIMIT 1,LEGACY_ROLE_RESOLUTION,Y,N,N,,remaining role-string retirement,9,H,Y,venue_team
0066,lib/booking-journey/setup-payments.ts,role_eq_manager,409,1,"if (role === ""owner"" || role === ""manager"") {",role-string comparison,role===manager,LEGACY_ROLE_STRING,Y,N,N,,remaining role-string retirement,9,M,Y,venue_team
0067,lib/booking-journey/setup-payments.ts,role_eq_owner,409,1,"if (role === ""owner"" || role === ""manager"") {",role-string comparison,role===owner,LEGACY_ROLE_STRING,Y,N,N,,remaining role-string retirement,9,M,Y,venue_team
0068,lib/calendar/schedule-item-catalog-service.ts,getCurrentUserRole,"138,192,233,283,307",5,const role = await getCurrentUserRole();,app getCurrentUserRole() → RPC current_user_role(),owner|manager|coordinator|staff via LIMIT 1,settings.availability,Y,N,N,,remaining role-string retirement,9,H,Y,venue_team
0069,lib/calendar/schedule-item-catalog-service.ts,role_eq_manager,36,1,"return role === ""owner"" || role === ""manager"";",role-string comparison,role===manager,settings.availability,Y,N,N,,remaining role-string retirement,9,M,Y,venue_team
0070,lib/calendar/schedule-item-catalog-service.ts,role_eq_owner,36,1,"return role === ""owner"" || role === ""manager"";",role-string comparison,role===owner,settings.availability,Y,N,N,,remaining role-string retirement,9,M,Y,venue_team
0071,lib/calendar/venue-schedule-catalog-2a1.db.sql,owner_user_id,37,1,"insert into public.venues (id, owner_user_id, name)",venues.owner_user_id reference,singular venue owner column,OWNER_USER_ID_REF,Y,partial,N,c_review_specific_actor_or_contact,multi-owner + account contact,4,H,Y,venue_team
0072,lib/calendar/venue-schedule-catalog-2a23.db.sql,owner_user_id,24,1,"insert into public.venues (id, owner_user_id, name)",venues.owner_user_id reference,singular venue owner column,OWNER_USER_ID_REF,Y,partial,N,c_review_specific_actor_or_contact,multi-owner + account contact,4,H,Y,venue_team
0073,lib/calendar/venue-schedule-catalog-2a24.db.sql,owner_user_id,34,1,"insert into public.venues (id, owner_user_id, name) values",venues.owner_user_id reference,singular venue owner column,OWNER_USER_ID_REF,Y,partial,N,c_review_specific_actor_or_contact,multi-owner + account contact,4,H,Y,venue_team
0074,lib/client-auth/service.ts,current_user_venue_id,5,1,"*   - Venue-side (coordinator is signed in, RLS via current_user_venue_id()):",SQL/RPC current_user_venue_id(),owner_user_id venue then staff venue LIMIT 1,ACTIVE_VENUE_CONTEXT,Y,N,N,,active venue context,2,H,Y,venue_team
0075,lib/clients/repository.ts,current_user_venue_id,257,1,"// current_user_venue_id(), the same RLS-backed source of truth every",SQL/RPC current_user_venue_id(),owner_user_id venue then staff venue LIMIT 1,ACTIVE_VENUE_CONTEXT,Y,N,N,,active venue context,2,H,Y,venue_team
0076,lib/contracts/service.ts,getCurrentUserRole,"758,836,948,1035",4,const role = await getCurrentUserRole();,app getCurrentUserRole() → RPC current_user_role(),owner|manager|coordinator|staff via LIMIT 1,contracts.venue_sign|documents.delete,Y,N,N,,sensitive capability conversion,6,H,Y,venue_team
0077,lib/contracts/service.ts,role_ne_owner,"759,837,949,1036",4,"if (role !== ""owner"" && role !== ""manager"") {",role-string comparison,see snippet,contracts.venue_sign|documents.delete,Y,N,N,,sensitive capability conversion,6,M,Y,venue_team
0078,lib/conversations/repository.ts,current_user_venue_id,"6,319,824",3,* resolve the caller's venue internally via current_user_venue_id() (venue,SQL/RPC current_user_venue_id(),owner_user_id venue then staff venue LIMIT 1,ACTIVE_VENUE_CONTEXT,Y,N,N,,active venue context,2,H,Y,venue_team
0079,lib/conversations/service.ts,current_user_venue_id,7,1,"* (current_user_venue_id()), so unlike lib/leads/service.ts there's no",SQL/RPC current_user_venue_id(),owner_user_id venue then staff venue LIMIT 1,ACTIVE_VENUE_CONTEXT,Y,N,N,,active venue context,2,H,Y,venue_team
0080,lib/dashboard/service.ts,is_owner_eq,206,1,".eq(""is_owner"", true)",is_owner query filter,single is_owner row assumed often,ownership.* / is_owner,Y,N,N,,multi-owner + account contact,4,H,Y,venue_team
0081,lib/documents/storage-path.ts,current_user_venue_id,"6,9,56",3,"* the FIRST path segment to current_user_venue_id() on insert, select, update",SQL/RPC current_user_venue_id(),owner_user_id venue then staff venue LIMIT 1,ACTIVE_VENUE_CONTEXT,Y,N,N,,active venue context,2,H,Y,venue_team
0082,lib/event-inventory/service.ts,getCurrentUserRole,319,1,const role = await getCurrentUserRole();,app getCurrentUserRole() → RPC current_user_role(),owner|manager|coordinator|staff via LIMIT 1,LEGACY_ROLE_RESOLUTION,Y,N,N,,remaining role-string retirement,9,H,Y,venue_team
0083,lib/event-inventory/service.ts,role_ne_owner,320,1,"if (role !== ""owner"" && role !== ""manager"") {",role-string comparison,see snippet,LEGACY_ROLE_STRING,Y,N,N,,remaining role-string retirement,9,M,Y,venue_team
0084,lib/events/service.ts,getCurrentUserRole,204,1,const role = await getCurrentUserRole();,app getCurrentUserRole() → RPC current_user_role(),owner|manager|coordinator|staff via LIMIT 1,LEGACY_ROLE_RESOLUTION,Y,N,N,,remaining role-string retirement,9,H,Y,venue_team
0085,lib/events/service.ts,role_ne_owner,205,1,"if (role !== ""owner"" && role !== ""manager"") {",role-string comparison,see snippet,LEGACY_ROLE_STRING,Y,N,N,,remaining role-string retirement,9,M,Y,venue_team
0086,lib/export/service.ts,exportVenueData,15,1,export async function exportVenueData(): Promise<ExportResult> {,exportVenueData service,any member of current venue,data.export,Y,N,N,,sensitive capability conversion,6,H,Y,venue_team
0087,lib/export/service.ts,get_venue_export,20,1,"const { data, error } = await supabase.rpc(""get_venue_export"", { p_venue_id: venue.id });",get_venue_export RPC,venue_id == current_user_venue_id only,data.export,Y,N,N,,sensitive capability conversion,6,H,Y,venue_team
0088,lib/floor-plan-offers/service.ts,canEditFloorPlans,28,1,if (!canEditFloorPlans(role)) {,app role helper O/M/C,owner|manager|coordinator,events.floor_plans,Y,N,N,,staff narrowing / finance caps,7,M,Y,venue_team
0089,lib/floor-plan-offers/service.ts,getCurrentUserRole,27,1,const role = await getCurrentUserRole();,app getCurrentUserRole() → RPC current_user_role(),owner|manager|coordinator|staff via LIMIT 1,events.floor_plans,Y,N,N,,staff narrowing / finance caps,7,H,Y,venue_team
0090,lib/floor-plan-templates/service.ts,canDeleteFloorPlanRows,56,1,if (!canDeleteFloorPlanRows(role)) {,app role helper O/M,owner|manager,events.floor_plans,Y,N,N,,staff narrowing / finance caps,7,M,Y,venue_team
0091,lib/floor-plan-templates/service.ts,canEditFloorPlans,44,1,if (!canEditFloorPlans(role)) {,app role helper O/M/C,owner|manager|coordinator,events.floor_plans,Y,N,N,,staff narrowing / finance caps,7,M,Y,venue_team
0092,lib/floor-plan-templates/service.ts,getCurrentUserRole,"43,55",2,const role = await getCurrentUserRole();,app getCurrentUserRole() → RPC current_user_role(),owner|manager|coordinator|staff via LIMIT 1,events.floor_plans,Y,N,N,,staff narrowing / finance caps,7,H,Y,venue_team
0093,lib/floor-plans/authorize.ts,canDeleteFloorPlanRows,35,1,export function canDeleteFloorPlanRows(role: string | null | undefined): boolean {,app role helper O/M,owner|manager,events.floor_plans,Y,N,N,,staff narrowing / finance caps,7,M,Y,venue_team
0094,lib/floor-plans/authorize.ts,canEditFloorPlans,30,1,export function canEditFloorPlans(role: string | null | undefined): boolean {,app role helper O/M/C,owner|manager|coordinator,events.floor_plans,Y,N,N,,staff narrowing / finance caps,7,M,Y,venue_team
0095,lib/floor-plans/authorize.ts,role_eq_coordinator,31,1,"return role === ""owner"" || role === ""manager"" || role === ""coordinator"";",role-string comparison,see snippet,events.floor_plans,Y,N,N,,staff narrowing / finance caps,7,M,Y,venue_team
0096,lib/floor-plans/authorize.ts,role_eq_manager,"31,36",2,"return role === ""owner"" || role === ""manager"" || role === ""coordinator"";",role-string comparison,role===manager,events.floor_plans,Y,N,N,,staff narrowing / finance caps,7,M,Y,venue_team
0097,lib/floor-plans/authorize.ts,role_eq_owner,"31,36",2,"return role === ""owner"" || role === ""manager"" || role === ""coordinator"";",role-string comparison,role===owner,events.floor_plans,Y,N,N,,staff narrowing / finance caps,7,M,Y,venue_team
0098,lib/floor-plans/service.ts,canDeleteFloorPlanRows,61,1,if (!canDeleteFloorPlanRows(role)) {,app role helper O/M,owner|manager,events.floor_plans,Y,N,N,,staff narrowing / finance caps,7,M,Y,venue_team
0099,lib/floor-plans/service.ts,canEditFloorPlans,48,1,if (!canEditFloorPlans(role)) {,app role helper O/M/C,owner|manager|coordinator,events.floor_plans,Y,N,N,,staff narrowing / finance caps,7,M,Y,venue_team
0100,lib/floor-plans/service.ts,getCurrentUserRole,"47,60",2,const role = await getCurrentUserRole();,app getCurrentUserRole() → RPC current_user_role(),owner|manager|coordinator|staff via LIMIT 1,events.floor_plans,Y,N,N,,staff narrowing / finance caps,7,H,Y,venue_team
0101,lib/floor-plans/staff-write-gates.db.sql,current_user_role_rpc,"95,96,225,226,302,303,328,329",8,if public.current_user_role() is distinct from 'staff' then,SQL/RPC current_user_role(),prefers venues.owner_user_id then staff role LIMIT 1,events.floor_plans,Y,Y,N,,staff narrowing / finance caps,7,M,Y,venue_team
0102,lib/floor-plans/staff-write-gates.db.sql,current_user_venue_id,98,1,if public.current_user_venue_id() is distinct from v_venue then,SQL/RPC current_user_venue_id(),owner_user_id venue then staff venue LIMIT 1,events.floor_plans,Y,Y,N,,staff narrowing / finance caps,7,M,Y,venue_team
0103,lib/floor-plans/staff-write-gates.db.sql,owner_user_id,46,1,"insert into public.venues (id, owner_user_id, name)",venues.owner_user_id reference,singular venue owner column,events.floor_plans,Y,partial,N,c_review_specific_actor_or_contact,staff narrowing / finance caps,7,M,Y,venue_team
0104,lib/guests/service.ts,current_user_venue_id,9,1,"* venue_id = current_user_venue_id() policy) — this is a new query, not new",SQL/RPC current_user_venue_id(),owner_user_id venue then staff venue LIMIT 1,ACTIVE_VENUE_CONTEXT,Y,N,N,,active venue context,2,H,Y,venue_team
0105,lib/inquiry-form/service.ts,canManageInquiryFormSettings,"25,163,205",3,function canManageInquiryFormSettings(role: string | null): boolean {,app role helper owner|manager,owner|manager,settings.venue_profile,Y,N,N,,remaining role-string retirement,9,M,Y,venue_team
0106,lib/inquiry-form/service.ts,getCurrentUserRole,"162,204",2,const role = await getCurrentUserRole();,app getCurrentUserRole() → RPC current_user_role(),owner|manager|coordinator|staff via LIMIT 1,settings.venue_profile,Y,N,N,,remaining role-string retirement,9,H,Y,venue_team
0107,lib/inquiry-form/service.ts,role_eq_manager,26,1,"return role === ""owner"" || role === ""manager"";",role-string comparison,role===manager,settings.venue_profile,Y,N,N,,remaining role-string retirement,9,M,Y,venue_team
0108,lib/inquiry-form/service.ts,role_eq_owner,26,1,"return role === ""owner"" || role === ""manager"";",role-string comparison,role===owner,settings.venue_profile,Y,N,N,,remaining role-string retirement,9,M,Y,venue_team
0109,lib/invoices/service.ts,getCurrentUserRole,224,1,const role = await getCurrentUserRole();,app getCurrentUserRole() → RPC current_user_role(),owner|manager|coordinator|staff via LIMIT 1,LEGACY_ROLE_RESOLUTION,Y,N,N,,remaining role-string retirement,9,H,Y,venue_team
0110,lib/invoices/service.ts,role_ne_owner,225,1,"if (role !== ""owner"" && role !== ""manager"") {",role-string comparison,see snippet,LEGACY_ROLE_STRING,Y,N,N,,remaining role-string retirement,9,M,Y,venue_team
0111,lib/leads/repository.ts,current_user_venue_id,382,1,// via `current_user_venue_id()`. p_venue_id_override is always passed,SQL/RPC current_user_venue_id(),owner_user_id venue then staff venue LIMIT 1,ACTIVE_VENUE_CONTEXT,Y,N,N,,active venue context,2,H,Y,venue_team
0112,lib/luv/drafts.ts,is_owner_eq,146,1,".select(""full_name"").eq(""venue_id"", venue.id).eq(""is_owner"", true).maybeSingle<{ full_name: string }>();",is_owner query filter,single is_owner row assumed often,ownership.* / is_owner,Y,N,N,,multi-owner + account contact,4,H,Y,venue_team
0113,lib/metrics/revenue.ts,current_user_venue_id,8,1,* `current_user_venue_id()` — never accepts a venue id as a parameter (see,SQL/RPC current_user_venue_id(),owner_user_id venue then staff venue LIMIT 1,ACTIVE_VENUE_CONTEXT,Y,N,N,,active venue context,2,H,Y,venue_team
0114,lib/migration/active-commitment-e2e.db.sql,owner_user_id,48,1,"insert into public.venues (id, owner_user_id, name, timezone)",venues.owner_user_id reference,singular venue owner column,OWNER_USER_ID_REF,Y,partial,N,c_review_specific_actor_or_contact,multi-owner + account contact,4,H,Y,venue_team
0115,lib/migration/cutover-e2e.db.sql,owner_user_id,65,1,"insert into public.venues (id, owner_user_id, name, timezone, tour_duration_minutes, tour_buffer_minutes, tour_scheduling_enabled)",venues.owner_user_id reference,singular venue owner column,OWNER_USER_ID_REF,Y,partial,N,c_review_specific_actor_or_contact,multi-owner + account contact,4,H,Y,venue_team
0116,lib/migration/service.ts,canEditFloorPlans,"720,776,826",3,"if (!canEditFloorPlans(role)) return { ok: false, message: FLOOR_PLAN_EDIT_DENIED };",app role helper O/M/C,owner|manager|coordinator,events.floor_plans,Y,N,N,,remaining role-string retirement,9,M,Y,venue_team
0117,lib/migration/service.ts,getCurrentUserRole,"719,775,825",3,const role = await getCurrentUserRole();,app getCurrentUserRole() → RPC current_user_role(),owner|manager|coordinator|staff via LIMIT 1,LEGACY_ROLE_RESOLUTION,Y,N,N,,remaining role-string retirement,9,H,Y,venue_team
0118,lib/notifications/engine.ts,role_eq_coordinator,"113,143,146",3,"if (role === ""coordinator"") {",role-string comparison,see snippet,LEGACY_ROLE_STRING,Y,N,N,,remaining role-string retirement,9,M,Y,venue_team
0119,lib/notifications/templates.ts,role_eq_coordinator,41,1,"const isCoordinator = ctx.role === ""coordinator"";",role-string comparison,see snippet,LEGACY_ROLE_STRING,Y,N,N,,remaining role-string retirement,9,M,Y,venue_team
0120,lib/onboarding/operator-session.ts,current_user_venue_id,20,1,// so current_user_venue_id() resolves to the venue being configured.,SQL/RPC current_user_venue_id(),owner_user_id venue then staff venue LIMIT 1,ACTIVE_VENUE_CONTEXT,Y,N,N,,active venue context,2,H,Y,venue_team
0121,lib/onboarding/operator-session.ts,is_owner_eq,"26,79",2,".eq(""is_owner"", false)",is_owner query filter,single is_owner row assumed often,ownership.* / is_owner,Y,N,N,,multi-owner + account contact,4,H,Y,venue_team
0122,lib/onboarding/white-glove-handoff.ts,is_owner_eq,70,1,".eq(""is_owner"", true)",is_owner query filter,single is_owner row assumed often,ownership.* / is_owner,Y,N,N,,multi-owner + account contact,4,H,Y,venue_team
0123,lib/onboarding/white-glove-handoff.ts,owner_user_id,"58,125",2,".select(""id, name, owner_user_id"")",venues.owner_user_id reference,singular venue owner column,OWNER_USER_ID_REF,Y,N,N,a_account_contact,multi-owner + account contact,4,H,Y,venue_team
0124,lib/payments/service.ts,cancelLineItem_,620,1,export async function cancelLineItem_(itemId: string): Promise<PaymentActionResult> {,cancelLineItem_ service,venue membership; no role gate,payments.cancel_unpaid,Y,N,N,,staff narrowing / finance caps,7,M,Y,venue_team
0125,lib/payments/service.ts,getCurrentUserRole,"396,577,659,672",4,const role = await getCurrentUserRole();,app getCurrentUserRole() → RPC current_user_role(),owner|manager|coordinator|staff via LIMIT 1,LEGACY_ROLE_RESOLUTION,Y,N,N,,remaining role-string retirement,9,H,Y,venue_team
0126,lib/payments/service.ts,markLineItemPaid,463,1,"export async function markLineItemPaid(itemId: string, scheduleId: string, input: MarkPaidInput): Promise<PaymentActionResult> {",markLineItemPaid service,venue membership; no role gate,payments.mark_paid,Y,N,N,,staff narrowing / finance caps,7,M,Y,venue_team
0127,lib/payments/service.ts,refundLineItem_,570,1,export async function refundLineItem_(,refundLineItem_ service,owner only,payments.refund,Y,N,N,,sensitive capability conversion,6,H,Y,venue_team
0128,lib/payments/service.ts,role_eq_manager,397,1,"if (role === ""owner"" || role === ""manager"") {",role-string comparison,role===manager,LEGACY_ROLE_STRING,Y,N,N,,remaining role-string retirement,9,M,Y,venue_team
0129,lib/payments/service.ts,role_eq_owner,397,1,"if (role === ""owner"" || role === ""manager"") {",role-string comparison,role===owner,LEGACY_ROLE_STRING,Y,N,N,,remaining role-string retirement,9,M,Y,venue_team
0130,lib/payments/service.ts,role_ne_owner,"578,660,673",3,"if (role !== ""owner"") {",role-string comparison,see snippet,LEGACY_ROLE_STRING,Y,N,N,,remaining role-string retirement,9,M,Y,venue_team
0131,lib/provisioning/workspace.ts,is_owner_eq,162,1,".eq(""is_owner"", true)",is_owner query filter,single is_owner row assumed often,ownership.* / is_owner,Y,N,N,,multi-owner + account contact,4,H,Y,venue_team
0132,lib/provisioning/workspace.ts,is_owner_true,"149,182",2,"is_owner: true,",is_owner write/true,see snippet,ownership.* / is_owner,Y,N,N,,multi-owner + account contact,4,H,Y,venue_team
0133,lib/provisioning/workspace.ts,owner_user_id,"100,110,124",3,".eq(""owner_user_id"", ownerUserId)",venues.owner_user_id reference,singular venue owner column,OWNER_USER_ID_REF,Y,N,N,a_account_contact,multi-owner + account contact,4,H,Y,venue_team
0134,lib/quickbooks/repository.ts,current_user_venue_id,205,1,* client — RLS (venue_id = current_user_venue_id()) is the actual,SQL/RPC current_user_venue_id(),owner_user_id venue then staff venue LIMIT 1,settings.integrations,Y,N,N,,sensitive capability conversion,6,M,Y,venue_team
0135,lib/saved-reports/service.ts,getCurrentUserRole,74,1,const role = await getCurrentUserRole();,app getCurrentUserRole() → RPC current_user_role(),owner|manager|coordinator|staff via LIMIT 1,reports.view|reports.schedule,Y,N,N,,remaining role-string retirement,9,H,Y,venue_team
0136,lib/saved-reports/service.ts,role_ne_owner,75,1,"if (role !== ""owner"" && role !== ""manager"") {",role-string comparison,see snippet,reports.view|reports.schedule,Y,N,N,,remaining role-string retirement,9,M,Y,venue_team
0137,lib/scheduled-messages/repository.ts,is_owner_eq,137,1,".eq(""venue_id"", venueId).eq(""is_owner"", true).maybeSingle<{ full_name: string }>();",is_owner query filter,single is_owner row assumed often,ownership.* / is_owner,Y,N,N,,multi-owner + account contact,4,H,Y,venue_team
0138,lib/seating/authorize.ts,canEditSeatingWhenDelegated,28,1,export function canEditSeatingWhenDelegated(role: string | null | undefined): boolean {,app role helper O/M/C,owner|manager|coordinator,events.floor_plans,Y,N,N,,staff narrowing / finance caps,7,M,Y,venue_team
0139,lib/seating/authorize.ts,canRevokeSeatingDelegation,32,1,export function canRevokeSeatingDelegation(role: string | null | undefined): boolean {,app role helper O/M,owner|manager,events.floor_plans,Y,N,N,,staff narrowing / finance caps,7,M,Y,venue_team
0140,lib/seating/authorize.ts,canViewSeating,23,1,export function canViewSeating(role: string | null | undefined): boolean {,app role helper O/M/C/S,owner|manager|coordinator|staff,events.floor_plans,Y,N,N,,staff narrowing / finance caps,7,M,Y,venue_team
0141,lib/seating/authorize.ts,role_eq_coordinator,"24,29",2,"return role === ""owner"" || role === ""manager"" || role === ""coordinator"" || role === ""staff"";",role-string comparison,see snippet,events.floor_plans,Y,N,N,,staff narrowing / finance caps,7,M,Y,venue_team
0142,lib/seating/authorize.ts,role_eq_manager,"24,29,33",3,"return role === ""owner"" || role === ""manager"" || role === ""coordinator"" || role === ""staff"";",role-string comparison,role===manager,events.floor_plans,Y,N,N,,staff narrowing / finance caps,7,M,Y,venue_team
0143,lib/seating/authorize.ts,role_eq_owner,"24,29,33",3,"return role === ""owner"" || role === ""manager"" || role === ""coordinator"" || role === ""staff"";",role-string comparison,role===owner,events.floor_plans,Y,N,N,,staff narrowing / finance caps,7,M,Y,venue_team
0144,lib/seating/authorize.ts,role_eq_staff,24,1,"return role === ""owner"" || role === ""manager"" || role === ""coordinator"" || role === ""staff"";",role-string comparison,see snippet,events.floor_plans,Y,N,N,,staff narrowing / finance caps,7,M,Y,venue_team
0145,lib/seating/service.ts,canViewSeating,"40,214",2,if (!canViewSeating(role)) return [];,app role helper O/M/C/S,owner|manager|coordinator|staff,events.floor_plans,Y,N,N,,staff narrowing / finance caps,7,M,Y,venue_team
0146,lib/seating/service.ts,getCurrentUserRole,"39,213",2,const role = await getCurrentUserRole();,app getCurrentUserRole() → RPC current_user_role(),owner|manager|coordinator|staff via LIMIT 1,events.floor_plans,Y,N,N,,staff narrowing / finance caps,7,H,Y,venue_team
0147,lib/stripe/refunds.ts,refundLineItem_,3,1,* venue-payment-processing-architecture.md). refundLineItem_() in,refundLineItem_ service,owner only,payments.refund,Y,N,N,,sensitive capability conversion,6,H,Y,venue_team
0148,lib/stripe/webhook-handlers.ts,markLineItemPaid,11,1,"* service.ts's markLineItemPaid()/refundLineItem_(), which are hard-wired",markLineItemPaid service,venue membership; no role gate,payments.refund,Y,N,N,,sensitive capability conversion,6,H,Y,venue_team
0149,lib/stripe/webhook-handlers.ts,refundLineItem_,11,1,"* service.ts's markLineItemPaid()/refundLineItem_(), which are hard-wired",refundLineItem_ service,owner only,payments.refund,Y,N,N,,sensitive capability conversion,6,H,Y,venue_team
0150,lib/team/service.ts,StaffRole,"10,29,52,53,206,227,232",7,"import type { StaffMember, StaffInput, TeamActionResult, StaffRole } from ""./types"";",StaffRole type/usage,see snippet,team.invite|team.change_access|team.remove,Y,N,N,,sensitive capability conversion,6,M,Y,venue_team
0151,lib/team/service.ts,canManageStaff,"50,112,207,233",4,function canManageStaff(,app canManageStaff role ladder,owner full; manager staff/coordinator only,team.invite|team.change_access|team.remove,Y,N,N,,sensitive capability conversion,6,H,Y,venue_team
0152,lib/team/service.ts,current_user_role_rpc,69,1,* `venue_staff.user_id = auth.uid()` relationship `current_user_role()`,SQL/RPC current_user_role(),prefers venues.owner_user_id then staff role LIMIT 1,team.invite|team.change_access|team.remove,Y,N,N,,sensitive capability conversion,6,M,Y,venue_team
0153,lib/team/service.ts,getCurrentUserRole,"111,204,230",3,const actingRole = await getCurrentUserRole();,app getCurrentUserRole() → RPC current_user_role(),owner|manager|coordinator|staff via LIMIT 1,team.invite|team.change_access|team.remove,Y,N,N,,sensitive capability conversion,6,H,Y,venue_team
0154,lib/team/service.ts,is_owner_eq,"215,240",2,".eq(""is_owner"", false)",is_owner query filter,single is_owner row assumed often,team.invite|team.change_access|team.remove,Y,N,N,,multi-owner + account contact,4,M,Y,venue_team
0155,lib/team/service.ts,owner_user_id,72,1,"* (role='owner', is_owner=true, user_id = venues.owner_user_id — confirmed",venues.owner_user_id reference,singular venue owner column,team.invite|team.change_access|team.remove,Y,N,N,b_all_owners_or_single_assumption,sensitive capability conversion,6,M,Y,venue_team
0156,lib/team/types.ts,StaffRole,"1,7,22",3,export type StaffRole = 'owner' | 'manager' | 'coordinator' | 'staff',StaffRole type/usage,see snippet,team.invite|team.change_access|team.remove,Y,N,N,,sensitive capability conversion,6,M,Y,venue_team
0157,lib/texting-registration/authority.ts,canConfigureVenueTexting,5,1,export function canConfigureVenueTexting(role: string | null | undefined): boolean {,app role helper owner|manager,owner|manager,settings.texting,Y,N,N,,sensitive capability conversion,6,M,Y,venue_team
0158,lib/texting-registration/authority.ts,role_eq_manager,6,1,"return role === ""owner"" || role === ""manager"";",role-string comparison,role===manager,settings.texting,Y,N,N,,sensitive capability conversion,6,M,Y,venue_team
0159,lib/texting-registration/authority.ts,role_eq_owner,6,1,"return role === ""owner"" || role === ""manager"";",role-string comparison,role===owner,settings.texting,Y,N,N,,sensitive capability conversion,6,M,Y,venue_team
0160,lib/texting-registration/service.ts,canConfigureVenueTexting,"214,247",2,if (!canConfigureVenueTexting(ctx.role)) {,app role helper owner|manager,owner|manager,settings.texting,Y,N,N,,sensitive capability conversion,6,M,Y,venue_team
0161,lib/texting-registration/service.ts,getCurrentUserRole,204,1,const role = await getCurrentUserRole();,app getCurrentUserRole() → RPC current_user_role(),owner|manager|coordinator|staff via LIMIT 1,settings.texting,Y,N,N,,sensitive capability conversion,6,H,Y,venue_team
0162,lib/tours/protection-rules.ts,canRefundEventPayment,66,1,export function canRefundEventPayment(role: string | null): boolean {,app role helper owner,owner,payments.refund,Y,N,N,,sensitive capability conversion,6,H,Y,venue_team
0163,lib/tours/protection-rules.ts,canRefundTourFee,62,1,export function canRefundTourFee(role: string | null): boolean {,app role helper owner|manager,owner|manager,payments.refund,Y,N,N,,sensitive capability conversion,6,H,Y,venue_team
0164,lib/tours/protection-rules.ts,role_eq_manager,63,1,"return role === ""owner"" || role === ""manager"";",role-string comparison,role===manager,LEGACY_ROLE_STRING,Y,N,N,,remaining role-string retirement,9,M,Y,venue_team
0165,lib/tours/protection-rules.ts,role_eq_owner,"63,67",2,"return role === ""owner"" || role === ""manager"";",role-string comparison,role===owner,LEGACY_ROLE_STRING,Y,N,N,,remaining role-string retirement,9,M,Y,venue_team
0166,lib/tours/protection.ts,canRefundTourFee,578,1,if (!canRefundTourFee(role)) {,app role helper owner|manager,owner|manager,payments.refund,Y,N,N,,sensitive capability conversion,6,H,Y,venue_team
0167,lib/tours/protection.ts,getCurrentUserRole,577,1,const role = await getCurrentUserRole();,app getCurrentUserRole() → RPC current_user_role(),owner|manager|coordinator|staff via LIMIT 1,LEGACY_ROLE_RESOLUTION,Y,N,N,,remaining role-string retirement,9,H,Y,venue_team
0168,lib/tours/tour-booking-atomicity.db.sql,owner_user_id,32,1,"id, owner_user_id, name, timezone,",venues.owner_user_id reference,singular venue owner column,OWNER_USER_ID_REF,Y,partial,N,c_review_specific_actor_or_contact,multi-owner + account contact,4,H,Y,venue_team
0169,lib/tours/tour-capacity-write.db.sql,owner_user_id,32,1,"insert into public.venues (id, owner_user_id, name, tour_duration_minutes, tour_buffer_minutes, timezone)",venues.owner_user_id reference,singular venue owner column,OWNER_USER_ID_REF,Y,partial,N,c_review_specific_actor_or_contact,multi-owner + account contact,4,H,Y,venue_team
0170,lib/vendor-events/service.ts,current_user_venue_id,"238,287",2,* table's RLS only recognizes venue_id = current_user_venue_id() (null for,SQL/RPC current_user_venue_id(),owner_user_id venue then staff venue LIMIT 1,ACTIVE_VENUE_CONTEXT,Y,N,N,,active venue context,2,H,Y,venue_team
0171,lib/vendor-partnerships/service.ts,current_user_venue_id,11,1,* venues' own RLS policy only recognizes current_user_venue_id(),SQL/RPC current_user_venue_id(),owner_user_id venue then staff venue LIMIT 1,ACTIVE_VENUE_CONTEXT,Y,N,N,,active venue context,2,H,Y,venue_team
0172,lib/vendors/list-presentation.ts,current_user_venue_id,"67,78,90,111,125",5,* venue_id = current_user_venue_id(),SQL/RPC current_user_venue_id(),owner_user_id venue then staff venue LIMIT 1,ACTIVE_VENUE_CONTEXT,Y,N,N,,active venue context,2,H,Y,venue_team
0173,lib/vendors/repository.ts,current_user_venue_id,396,1,// itself via current_user_venue_id(). p_venue_id_override is always,SQL/RPC current_user_venue_id(),owner_user_id venue then staff venue LIMIT 1,ACTIVE_VENUE_CONTEXT,Y,N,N,,active venue context,2,H,Y,venue_team
0174,lib/venue/repository.ts,current_user_venue_id,195,1,* Explicitly scoped via current_user_venue_id() (the same RPC the venues_select,SQL/RPC current_user_venue_id(),owner_user_id venue then staff venue LIMIT 1,ACTIVE_VENUE_CONTEXT,Y,N,N,,active venue context,2,H,Y,venue_team
0175,lib/venue/repository.ts,is_owner_eq,"273,351",2,".eq(""is_owner"", true)",is_owner query filter,single is_owner row assumed often,ownership.* / is_owner,Y,N,N,,multi-owner + account contact,4,H,Y,venue_team
0176,lib/venue/repository.ts,owner_user_id,"26,85",2,owner_user_id: string;,venues.owner_user_id reference,singular venue owner column,OWNER_USER_ID_REF,Y,N,N,a_account_contact,multi-owner + account contact,4,H,Y,venue_team
0177,lib/venue/service.ts,current_user_role_rpc,109,1,"* | 'staff'), or null if none. Mirrors the `current_user_role()` SQL helper",SQL/RPC current_user_role(),prefers venues.owner_user_id then staff role LIMIT 1,LEGACY_ROLE_RESOLUTION,Y,N,N,,remaining role-string retirement,9,M,Y,venue_team
0178,lib/venue/service.ts,getCurrentUserRole,114,1,export async function getCurrentUserRole(): Promise<string | null> {,app getCurrentUserRole() → RPC current_user_role(),owner|manager|coordinator|staff via LIMIT 1,LEGACY_ROLE_RESOLUTION,Y,N,N,,remaining role-string retirement,9,H,Y,venue_team
0179,lib/venue/types.ts,StaffRole,16,1,"export type StaffRole = ""owner"" | ""manager"" | ""coordinator"" | ""staff"";",StaffRole type/usage,see snippet,LEGACY_ROLE_RESOLUTION,Y,N,N,,remaining role-string retirement,9,M,Y,venue_team
0180,supabase/migrations/20260626090000_venue_foundation.sql,owner_user_id,"25,69,112,114,116,118,123,124,128,129,156",11,"owner_user_id            uuid not null references auth.users (id) on delete cascade,",venues.owner_user_id reference,singular venue owner column,OWNER_USER_ID_REF,Y,partial,N,a_account_contact_or_historical,multi-owner + account contact,4,H,Y,venue_team
0181,supabase/migrations/20260626150000_leads_foundation.sql,owner_user_id,"97,98,102,103,107,108",6,using      (exists (select 1 from public.venues v where v.id = venue_id and v.owner_user_id = auth.uid())),venues.owner_user_id reference,singular venue owner column,OWNER_USER_ID_REF,Y,partial,N,d_obsolete_ownership_auth_signal,multi-owner + account contact,4,H,Y,venue_team
0182,supabase/migrations/20260626180000_lead_relationships.sql,owner_user_id,"45,46",2,using      (exists (select 1 from public.venues v where v.id = venue_id and v.owner_user_id = auth.uid())),venues.owner_user_id reference,singular venue owner column,OWNER_USER_ID_REF,Y,partial,N,d_obsolete_ownership_auth_signal,multi-owner + account contact,4,H,Y,venue_team
0183,supabase/migrations/20260626220000_clients_foundation.sql,owner_user_id,"113,114,118,119,123,124,128,129",8,using      (exists (select 1 from public.venues v where v.id = venue_id and v.owner_user_id = auth.uid())),venues.owner_user_id reference,singular venue owner column,OWNER_USER_ID_REF,Y,partial,N,d_obsolete_ownership_auth_signal,multi-owner + account contact,4,H,Y,venue_team
0184,supabase/migrations/20260626240000_events_foundation.sql,owner_user_id,"95,96,100,101,105,106,110,111",8,using      (exists (select 1 from public.venues v where v.id = venue_id and v.owner_user_id = auth.uid())),venues.owner_user_id reference,singular venue owner column,OWNER_USER_ID_REF,Y,partial,N,d_obsolete_ownership_auth_signal,multi-owner + account contact,4,H,Y,venue_team
0185,supabase/migrations/20260626260000_timeline.sql,owner_user_id,"42,43",2,using      (exists (select 1 from public.venues v where v.id = venue_id and v.owner_user_id = auth.uid())),venues.owner_user_id reference,singular venue owner column,OWNER_USER_ID_REF,Y,partial,N,d_obsolete_ownership_auth_signal,multi-owner + account contact,4,H,Y,venue_team
0186,supabase/migrations/20260626280000_vendors_foundation.sql,owner_user_id,"71,72,76,77",4,using      (exists (select 1 from public.venues v where v.id = venue_id and v.owner_user_id = auth.uid())),venues.owner_user_id reference,singular venue owner column,OWNER_USER_ID_REF,Y,partial,N,d_obsolete_ownership_auth_signal,multi-owner + account contact,4,H,Y,venue_team
0187,supabase/migrations/20260626300000_contracts_foundation.sql,owner_user_id,"94,95,99,100,104,105,162",7,using      (exists (select 1 from public.venues v where v.id = venue_id and v.owner_user_id = auth.uid())),venues.owner_user_id reference,singular venue owner column,contracts.venue_sign|documents.delete,Y,partial,N,d_obsolete_ownership_auth_signal,sensitive capability conversion,6,M,Y,venue_team
0188,supabase/migrations/20260626320000_payments_foundation.sql,owner_user_id,"90,91,95,96,100,101",6,using      (exists (select 1 from public.venues v where v.id = venue_id and v.owner_user_id = auth.uid())),venues.owner_user_id reference,singular venue owner column,OWNER_USER_ID_REF,Y,partial,N,d_obsolete_ownership_auth_signal,multi-owner + account contact,4,H,Y,venue_team
0189,supabase/migrations/20260626360000_floor_plans.sql,owner_user_id,"103,104,108,109",4,using      (exists (select 1 from public.venues v where v.id = venue_id and v.owner_user_id = auth.uid())),venues.owner_user_id reference,singular venue owner column,events.floor_plans,Y,partial,N,d_obsolete_ownership_auth_signal,staff narrowing / finance caps,7,M,Y,venue_team
0190,supabase/migrations/20260627060000_availability_foundation.sql,owner_user_id,"125,126,130,131,135,136,140,141",8,using      (exists (select 1 from public.venues v where v.id = venue_id and v.owner_user_id = auth.uid())),venues.owner_user_id reference,singular venue owner column,settings.availability,Y,partial,N,d_obsolete_ownership_auth_signal,remaining role-string retirement,9,M,Y,venue_team
0191,supabase/migrations/20260627080000_packages_invoices.sql,owner_user_id,"122,123,127,128,132,133,137,138",8,using      (exists (select 1 from public.venues v where v.id = venue_id and v.owner_user_id = auth.uid())),venues.owner_user_id reference,singular venue owner column,OWNER_USER_ID_REF,Y,partial,N,d_obsolete_ownership_auth_signal,multi-owner + account contact,4,H,Y,venue_team
0192,supabase/migrations/20260627100000_package_items_discounts.sql,owner_user_id,"41,42",2,using      (exists (select 1 from public.venues v where v.id = venue_id and v.owner_user_id = auth.uid())),venues.owner_user_id reference,singular venue owner column,OWNER_USER_ID_REF,Y,partial,N,d_obsolete_ownership_auth_signal,multi-owner + account contact,4,H,Y,venue_team
0193,supabase/migrations/20260627120000_documents.sql,owner_user_id,"69,70",2,using      (exists (select 1 from public.venues v where v.id = venue_id and v.owner_user_id = auth.uid())),venues.owner_user_id reference,singular venue owner column,OWNER_USER_ID_REF,Y,partial,N,d_obsolete_ownership_auth_signal,multi-owner + account contact,4,H,Y,venue_team
0194,supabase/migrations/20260627140000_luv_drafts.sql,owner_user_id,"51,52",2,using      (exists (select 1 from public.venues v where v.id = venue_id and v.owner_user_id = auth.uid())),venues.owner_user_id reference,singular venue owner column,OWNER_USER_ID_REF,Y,partial,N,d_obsolete_ownership_auth_signal,multi-owner + account contact,4,H,Y,venue_team
0195,supabase/migrations/20260627160000_luv_settings.sql,owner_user_id,"30,31",2,using      (exists (select 1 from public.venues v where v.id = venue_id and v.owner_user_id = auth.uid())),venues.owner_user_id reference,singular venue owner column,OWNER_USER_ID_REF,Y,partial,N,d_obsolete_ownership_auth_signal,multi-owner + account contact,4,H,Y,venue_team
0196,supabase/migrations/20260627180000_messaging.sql,owner_user_id,"135,136,140,141,145,146",6,using      (exists (select 1 from public.venues v where v.id = venue_id and v.owner_user_id = auth.uid())),venues.owner_user_id reference,singular venue owner column,OWNER_USER_ID_REF,Y,partial,N,d_obsolete_ownership_auth_signal,multi-owner + account contact,4,H,Y,venue_team
0197,supabase/migrations/20260627200000_message_events.sql,owner_user_id,"31,32",2,using      (exists (select 1 from public.venues v where v.id = venue_id and v.owner_user_id = auth.uid())),venues.owner_user_id reference,singular venue owner column,OWNER_USER_ID_REF,Y,partial,N,d_obsolete_ownership_auth_signal,multi-owner + account contact,4,H,Y,venue_team
0198,supabase/migrations/20260627260000_final_details.sql,owner_user_id,"67,68",2,using      (exists (select 1 from public.venues v where v.id = venue_id and v.owner_user_id = auth.uid())),venues.owner_user_id reference,singular venue owner column,OWNER_USER_ID_REF,Y,partial,N,d_obsolete_ownership_auth_signal,multi-owner + account contact,4,H,Y,venue_team
0199,supabase/migrations/20260627320000_relationship_intelligence.sql,owner_user_id,"66,67",2,using      (exists (select 1 from public.venues v where v.id = venue_id and v.owner_user_id = auth.uid())),venues.owner_user_id reference,singular venue owner column,OWNER_USER_ID_REF,Y,partial,N,d_obsolete_ownership_auth_signal,multi-owner + account contact,4,H,Y,venue_team
0200,supabase/migrations/20260628040000_event_playbooks.sql,owner_user_id,"161,162,166,167,171,172",6,using      (exists (select 1 from public.venues v where v.id = venue_id and v.owner_user_id = auth.uid())),venues.owner_user_id reference,singular venue owner column,OWNER_USER_ID_REF,Y,partial,N,d_obsolete_ownership_auth_signal,multi-owner + account contact,4,H,Y,venue_team
0201,supabase/migrations/20260628100000_client_portal.sql,owner_user_id,54,1,and owner_user_id = auth.uid(),venues.owner_user_id reference,singular venue owner column,OWNER_USER_ID_REF,Y,partial,N,d_obsolete_ownership_auth_signal,multi-owner + account contact,4,H,Y,venue_team
0202,supabase/migrations/20260628120000_notification_foundation.sql,owner_user_id,"102,150",2,and owner_user_id = auth.uid(),venues.owner_user_id reference,singular venue owner column,OWNER_USER_ID_REF,Y,partial,N,d_obsolete_ownership_auth_signal,multi-owner + account contact,4,H,Y,venue_team
0203,supabase/migrations/20260628140000_notification_delivery.sql,owner_user_id,"74,123",2,and owner_user_id = auth.uid(),venues.owner_user_id reference,singular venue owner column,OWNER_USER_ID_REF,Y,partial,N,d_obsolete_ownership_auth_signal,multi-owner + account contact,4,H,Y,venue_team
0204,supabase/migrations/20260628160000_tour_scheduling.sql,owner_user_id,69,1,and owner_user_id = auth.uid(),venues.owner_user_id reference,singular venue owner column,OWNER_USER_ID_REF,Y,partial,N,d_obsolete_ownership_auth_signal,multi-owner + account contact,4,H,Y,venue_team
0205,supabase/migrations/20260629000000_multi_actor_foundation.sql,owner_user_id,78,1,and owner_user_id = auth.uid(),venues.owner_user_id reference,singular venue owner column,OWNER_USER_ID_REF,Y,partial,N,d_obsolete_ownership_auth_signal,multi-owner + account contact,4,H,Y,venue_team
0206,supabase/migrations/20260629040000_couple_owned_data.sql,owner_user_id,"68,113",2,and owner_user_id = auth.uid(),venues.owner_user_id reference,singular venue owner column,OWNER_USER_ID_REF,Y,partial,N,d_obsolete_ownership_auth_signal,multi-owner + account contact,4,H,Y,venue_team
0207,supabase/migrations/20260629060000_couple_engagement.sql,owner_user_id,43,1,and owner_user_id = auth.uid(),venues.owner_user_id reference,singular venue owner column,OWNER_USER_ID_REF,Y,partial,N,d_obsolete_ownership_auth_signal,multi-owner + account contact,4,H,Y,venue_team
0208,supabase/migrations/20260629100000_couple_website.sql,owner_user_id,66,1,and owner_user_id = auth.uid(),venues.owner_user_id reference,singular venue owner column,OWNER_USER_ID_REF,Y,partial,N,d_obsolete_ownership_auth_signal,multi-owner + account contact,4,H,Y,venue_team
0209,supabase/migrations/20260629140000_website_analytics.sql,owner_user_id,38,1,and owner_user_id = auth.uid(),venues.owner_user_id reference,singular venue owner column,OWNER_USER_ID_REF,Y,partial,N,d_obsolete_ownership_auth_signal,multi-owner + account contact,4,H,Y,venue_team
0210,supabase/migrations/20260629160000_invitations.sql,owner_user_id,52,1,and owner_user_id = auth.uid(),venues.owner_user_id reference,singular venue owner column,OWNER_USER_ID_REF,Y,partial,N,d_obsolete_ownership_auth_signal,multi-owner + account contact,4,H,Y,venue_team
0211,supabase/migrations/20260629200000_vendor_portal.sql,owner_user_id,46,1,and owner_user_id = auth.uid(),venues.owner_user_id reference,singular venue owner column,OWNER_USER_ID_REF,Y,partial,N,d_obsolete_ownership_auth_signal,multi-owner + account contact,4,H,Y,venue_team
0212,supabase/migrations/20260629240000_couple_portal_collaboration.sql,owner_user_id,"83,125",2,and owner_user_id = auth.uid(),venues.owner_user_id reference,singular venue owner column,OWNER_USER_ID_REF,Y,partial,N,d_obsolete_ownership_auth_signal,multi-owner + account contact,4,H,Y,venue_team
0213,supabase/migrations/20260629260000_client_media.sql,owner_user_id,67,1,and owner_user_id = auth.uid(),venues.owner_user_id reference,singular venue owner column,OWNER_USER_ID_REF,Y,partial,N,d_obsolete_ownership_auth_signal,multi-owner + account contact,4,H,Y,venue_team
0214,supabase/migrations/20260702950000_sprint95_couple_messaging.sql,owner_user_id,"69,77,86,119,174,251,287,438",8,WHERE v.id = venue_id AND v.owner_user_id = auth.uid(),venues.owner_user_id reference,singular venue owner column,OWNER_USER_ID_REF,Y,partial,N,d_obsolete_ownership_auth_signal,multi-owner + account contact,4,H,Y,venue_team
0215,supabase/migrations/20260702960000_sprint955_message_polish.sql,owner_user_id,58,1,WHERE v.owner_user_id = auth.uid(),venues.owner_user_id reference,singular venue owner column,OWNER_USER_ID_REF,Y,partial,N,d_obsolete_ownership_auth_signal,multi-owner + account contact,4,H,Y,venue_team
0216,supabase/migrations/20260703150000_sprint76_brand_colors.sql,owner_user_id,"31,68",2,"owner_user_id, name, business_name, email, phone, website,",venues.owner_user_id reference,singular venue owner column,OWNER_USER_ID_REF,Y,partial,N,a_account_contact_or_historical,multi-owner + account contact,4,H,Y,venue_team
0217,supabase/migrations/20260706110000_sprint104_5_vendor_foundation.sql,in_owner_manager_sql,"225,274,377",3,"and vu.role in ('owner', 'manager')","RLS/SQL current_user_role() in ('owner','manager')",owner|manager,LEGACY_ROLE_RLS_GATE,Y,Y,N,,remaining role-string retirement,9,H,Y,venue_team
0218,supabase/migrations/20260706110000_sprint104_5_vendor_foundation.sql,owner_user_id,"203,216,236,237,287,327,328,360,413,464,465,556",12,and v.owner_user_id = auth.uid(),venues.owner_user_id reference,singular venue owner column,OWNER_USER_ID_REF,Y,partial,N,d_obsolete_ownership_auth_signal,multi-owner + account contact,4,H,Y,venue_team
0219,supabase/migrations/20260707200000_sprint83_keepsake.sql,owner_user_id,"33,56",2,and owner_user_id = auth.uid(),venues.owner_user_id reference,singular venue owner column,OWNER_USER_ID_REF,Y,partial,N,d_obsolete_ownership_auth_signal,multi-owner + account contact,4,H,Y,venue_team
0220,supabase/migrations/20260708000000_sprint84_feedback.sql,owner_user_id,"65,125,160,511,593,635,675,710",8,and v.owner_user_id = auth.uid(),venues.owner_user_id reference,singular venue owner column,OWNER_USER_ID_REF,Y,partial,N,d_obsolete_ownership_auth_signal,multi-owner + account contact,4,H,Y,venue_team
0221,supabase/migrations/20260708110000_sprint85_notifications_center.sql,owner_user_id,"56,64,125,178",4,and v.owner_user_id = auth.uid(),venues.owner_user_id reference,singular venue owner column,OWNER_USER_ID_REF,Y,partial,N,d_obsolete_ownership_auth_signal,multi-owner + account contact,4,H,Y,venue_team
0222,supabase/migrations/20260708115000_sprint86_notification_preferences.sql,owner_user_id,"47,55,126,188",4,and owner_user_id = auth.uid(),venues.owner_user_id reference,singular venue owner column,OWNER_USER_ID_REF,Y,partial,N,d_obsolete_ownership_auth_signal,multi-owner + account contact,4,H,Y,venue_team
0223,supabase/migrations/20260708120000_sprint107_team_collaboration.sql,current_user_venue_id,"11,15,37,43,60,110,122,145,155,156,166,167,171,172,176,177,181,182,193,194…",155,--   2. current_user_venue_id() DB helper — resolves owner OR team member,SQL/RPC current_user_venue_id(),owner_user_id venue then staff venue LIMIT 1,team.invite|team.change_access|team.remove,Y,Y,N,,sensitive capability conversion,6,M,Y,venue_team
0224,supabase/migrations/20260708120000_sprint107_team_collaboration.sql,owner_user_id,"39,51,128,134,135,143",6,-- Security definer so the owner subquery (indexed on owner_user_id) runs with,venues.owner_user_id reference,singular venue owner column,team.invite|team.change_access|team.remove,Y,partial,N,a_account_contact_or_historical,sensitive capability conversion,6,M,Y,venue_team
0225,supabase/migrations/20260709120000_sprint108_activation_engine.sql,current_user_venue_id,"45,49,96,100,104,126,130,152",8,using (venue_id = public.current_user_venue_id());,SQL/RPC current_user_venue_id(),owner_user_id venue then staff venue LIMIT 1,ACTIVE_VENUE_CONTEXT,Y,Y,N,,active venue context,2,H,Y,venue_team
0226,supabase/migrations/20260710010000_sprint108_digest_eligible_venues.sql,owner_user_id,33,1,join auth.users u on u.id = v.owner_user_id,venues.owner_user_id reference,singular venue owner column,OWNER_USER_ID_REF,Y,partial,N,a_account_contact_or_historical,multi-owner + account contact,4,H,Y,venue_team
0227,supabase/migrations/20260710100000_sprint86_global_search.sql,owner_user_id,65,1,where owner_user_id = auth.uid();,venues.owner_user_id reference,singular venue owner column,OWNER_USER_ID_REF,Y,partial,N,d_obsolete_ownership_auth_signal,multi-owner + account contact,4,H,Y,venue_team
0228,supabase/migrations/20260711000000_sprint108_5_beta_command_center.sql,current_user_venue_id,"38,107,185,441,534",5,using (venue_id = public.current_user_venue_id());,SQL/RPC current_user_venue_id(),owner_user_id venue then staff venue LIMIT 1,ACTIVE_VENUE_CONTEXT,Y,Y,N,,active venue context,2,H,Y,venue_team
0229,supabase/migrations/20260711000002_sprint87_venue_analytics.sql,owner_user_id,"24,227",2,where owner_user_id = auth.uid();,venues.owner_user_id reference,singular venue owner column,OWNER_USER_ID_REF,Y,partial,N,d_obsolete_ownership_auth_signal,multi-owner + account contact,4,H,Y,venue_team
0230,supabase/migrations/20260712100000_sprint88_luv_rollup.sql,owner_user_id,"43,65",2,select id into v_venue_id from public.venues where owner_user_id = auth.uid();,venues.owner_user_id reference,singular venue owner column,OWNER_USER_ID_REF,Y,partial,N,d_obsolete_ownership_auth_signal,multi-owner + account contact,4,H,Y,venue_team
0231,supabase/migrations/20260713300000_fix_engagement_event_guard_regression.sql,current_user_venue_id,"6,7,10,49",4,--   current_user_venue_id() = p_venue_id  OR  is_hq_admin(),SQL/RPC current_user_venue_id(),owner_user_id venue then staff venue LIMIT 1,ACTIVE_VENUE_CONTEXT,Y,Y,N,,active venue context,2,H,Y,venue_team
0232,supabase/migrations/20260713400000_fix_vendor_rls_infinite_recursion.sql,current_user_venue_id,16,1,-- Fix: the same pattern already used for current_user_venue_id() — a,SQL/RPC current_user_venue_id(),owner_user_id venue then staff venue LIMIT 1,ACTIVE_VENUE_CONTEXT,Y,Y,N,,active venue context,2,H,Y,venue_team
0233,supabase/migrations/20260713400000_fix_vendor_rls_infinite_recursion.sql,in_owner_manager_sql,"69,82",2,"and public.current_user_vendor_role() in ('owner', 'manager')","RLS/SQL current_user_role() in ('owner','manager')",owner|manager,LEGACY_ROLE_RLS_GATE,Y,Y,N,,remaining role-string retirement,9,H,Y,venue_team
0234,supabase/migrations/20260713400000_fix_vendor_rls_infinite_recursion.sql,owner_user_id,60,1,and v.owner_user_id = auth.uid(),venues.owner_user_id reference,singular venue owner column,OWNER_USER_ID_REF,Y,partial,N,d_obsolete_ownership_auth_signal,multi-owner + account contact,4,H,Y,venue_team
0235,supabase/migrations/20260716000000_tr_g1_permissions_enforcement.sql,current_user_role_rpc,"22,26,40,59,67,77,83,93,99,109,122,133,140",13,"-- current_user_role() — same SECURITY DEFINER pattern as current_user_venue_id(),",SQL/RPC current_user_role(),prefers venues.owner_user_id then staff role LIMIT 1,LEGACY_ROLE_RESOLUTION,Y,Y,N,,remaining role-string retirement,9,M,Y,venue_team
0236,supabase/migrations/20260716000000_tr_g1_permissions_enforcement.sql,current_user_venue_id,"22,25,49,52,55,56,59,67,70,73,74,77,83,86,89,90,93,99,102,105…",22,"-- current_user_role() — same SECURITY DEFINER pattern as current_user_venue_id(),",SQL/RPC current_user_venue_id(),owner_user_id venue then staff venue LIMIT 1,ACTIVE_VENUE_CONTEXT,Y,Y,N,,active venue context,2,H,Y,venue_team
0237,supabase/migrations/20260716000000_tr_g1_permissions_enforcement.sql,in_owner_manager_sql,"59,77,93,109",4,"using (venue_id = current_user_venue_id() and current_user_role() in ('owner', 'manager'));","RLS/SQL current_user_role() in ('owner','manager')",owner|manager,LEGACY_ROLE_RLS_GATE,Y,Y,N,,remaining role-string retirement,9,H,Y,venue_team
0238,supabase/migrations/20260716000000_tr_g1_permissions_enforcement.sql,owner_user_id,"33,120,131,138",4,"(select 'owner' from public.venues where owner_user_id = auth.uid() limit 1),",venues.owner_user_id reference,singular venue owner column,OWNER_USER_ID_REF,Y,partial,N,d_obsolete_ownership_auth_signal,multi-owner + account contact,4,H,Y,venue_team
0239,supabase/migrations/20260716200000_tr_g2_data_export.sql,current_user_venue_id,"7,20",2,--     re-checked against current_user_venue_id() inside the function).,SQL/RPC current_user_venue_id(),owner_user_id venue then staff venue LIMIT 1,data.export,Y,Y,N,,sensitive capability conversion,6,H,Y,venue_team
0240,supabase/migrations/20260716200000_tr_g2_data_export.sql,get_venue_export,"5,12,58",3,--   get_venue_export(p_venue_id)  — called from an authenticated venue-staff,get_venue_export RPC,venue_id == current_user_venue_id only,data.export,Y,partial,N,,sensitive capability conversion,6,H,Y,venue_team
0241,supabase/migrations/20260717300000_tr_m7_messaging_venue_resolution_and_webhooks.sql,current_user_venue_id,"8,17,21,25,32,41,76,125,152,176",10,--    `current_user_venue_id()` after Sprint 107 added multi-staff support.,SQL/RPC current_user_venue_id(),owner_user_id venue then staff venue LIMIT 1,ACTIVE_VENUE_CONTEXT,Y,Y,N,,active venue context,2,H,Y,venue_team
0242,supabase/migrations/20260717300000_tr_m7_messaging_venue_resolution_and_webhooks.sql,owner_user_id,7,1,--    `venues.owner_user_id = auth.uid()` only — never updated to,venues.owner_user_id reference,singular venue owner column,OWNER_USER_ID_REF,Y,partial,N,d_obsolete_ownership_auth_signal,multi-owner + account contact,4,H,Y,venue_team
0243,supabase/migrations/20260719000000_program2_phase2_relationship_and_conversation_foundation.sql,current_user_venue_id,"53,198,201,204,210",5,for all using (venue_id = current_user_venue_id());,SQL/RPC current_user_venue_id(),owner_user_id venue then staff venue LIMIT 1,ACTIVE_VENUE_CONTEXT,Y,Y,N,,active venue context,2,H,Y,venue_team
0244,supabase/migrations/20260720000000_program2_phase2a_backfill_sync_and_rpcs.sql,current_user_venue_id,"278,328,377,403",4,v_venue_id := current_user_venue_id();,SQL/RPC current_user_venue_id(),owner_user_id venue then staff venue LIMIT 1,ACTIVE_VENUE_CONTEXT,Y,Y,N,,active venue context,2,H,Y,venue_team
0245,supabase/migrations/20260722000000_planning_playbook_milestones.sql,current_user_venue_id,"55,56",2,using      (venue_id = public.current_user_venue_id()),SQL/RPC current_user_venue_id(),owner_user_id venue then staff venue LIMIT 1,ACTIVE_VENUE_CONTEXT,Y,Y,N,,active venue context,2,H,Y,venue_team
0246,supabase/migrations/20260723000000_vendor_relationship_lifecycle.sql,owner_user_id,"63,72,84,96,254,262",6,where vvr.vendor_id = vendors.id and vvr.status <> 'inactive' and v.owner_user_id = auth.uid(),venues.owner_user_id reference,singular venue owner column,OWNER_USER_ID_REF,Y,partial,N,d_obsolete_ownership_auth_signal,multi-owner + account contact,4,H,Y,venue_team
0247,supabase/migrations/20260725000000_prevent_duplicate_playbook_application.sql,current_user_venue_id,"38,39",2,using      (venue_id = public.current_user_venue_id()),SQL/RPC current_user_venue_id(),owner_user_id venue then staff venue LIMIT 1,ACTIVE_VENUE_CONTEXT,Y,Y,N,,active venue context,2,H,Y,venue_team
0248,supabase/migrations/20260727000000_planning_related_context.sql,current_user_venue_id,"49,50",2,using (venue_id = public.current_user_venue_id()),SQL/RPC current_user_venue_id(),owner_user_id venue then staff venue LIMIT 1,ACTIVE_VENUE_CONTEXT,Y,Y,N,,active venue context,2,H,Y,venue_team
0249,supabase/migrations/20260728000000_planning_templates_ux_rebuild.sql,current_user_venue_id,"55,56",2,using      (venue_id = public.current_user_venue_id()),SQL/RPC current_user_venue_id(),owner_user_id venue then staff venue LIMIT 1,ACTIVE_VENUE_CONTEXT,Y,Y,N,,active venue context,2,H,Y,venue_team
0250,supabase/migrations/20260730000000_vendor_management_recommendations.sql,current_user_venue_id,"38,39",2,using      (venue_id = public.current_user_venue_id()),SQL/RPC current_user_venue_id(),owner_user_id venue then staff venue LIMIT 1,ACTIVE_VENUE_CONTEXT,Y,Y,N,,active venue context,2,H,Y,venue_team
0251,supabase/migrations/20260802000000_message_templates.sql,current_user_venue_id,"54,55",2,using      (venue_id = public.current_user_venue_id()),SQL/RPC current_user_venue_id(),owner_user_id venue then staff venue LIMIT 1,ACTIVE_VENUE_CONTEXT,Y,Y,N,,active venue context,2,H,Y,venue_team
0252,supabase/migrations/20260803000000_scheduled_messages.sql,current_user_venue_id,"57,58",2,using      (venue_id = public.current_user_venue_id()),SQL/RPC current_user_venue_id(),owner_user_id venue then staff venue LIMIT 1,ACTIVE_VENUE_CONTEXT,Y,Y,N,,active venue context,2,H,Y,venue_team
0253,supabase/migrations/20260804000000_message_sequences.sql,current_user_venue_id,"114,115,119,120,124,125",6,using      (venue_id = public.current_user_venue_id()),SQL/RPC current_user_venue_id(),owner_user_id venue then staff venue LIMIT 1,ACTIVE_VENUE_CONTEXT,Y,Y,N,,active venue context,2,H,Y,venue_team
0254,supabase/migrations/20260805000000_pipeline_templates.sql,current_user_venue_id,"61,62,66,67",4,using      (venue_id = public.current_user_venue_id()),SQL/RPC current_user_venue_id(),owner_user_id venue then staff venue LIMIT 1,ACTIVE_VENUE_CONTEXT,Y,Y,N,,active venue context,2,H,Y,venue_team
0255,supabase/migrations/20260808000000_timeline_templates.sql,current_user_venue_id,"70,71,75,76",4,using      (venue_id = public.current_user_venue_id()),SQL/RPC current_user_venue_id(),owner_user_id venue then staff venue LIMIT 1,ACTIVE_VENUE_CONTEXT,Y,Y,N,,active venue context,2,H,Y,venue_team
0256,supabase/migrations/20260809000000_booking_timeline_sections.sql,current_user_venue_id,"75,76,80,81,85,86",6,using      (venue_id = public.current_user_venue_id()),SQL/RPC current_user_venue_id(),owner_user_id venue then staff venue LIMIT 1,ACTIVE_VENUE_CONTEXT,Y,Y,N,,active venue context,2,H,Y,venue_team
0257,supabase/migrations/20260813000000_timeline_integration.sql,current_user_venue_id,"42,43",2,using      (venue_id = public.current_user_venue_id()),SQL/RPC current_user_venue_id(),owner_user_id venue then staff venue LIMIT 1,ACTIVE_VENUE_CONTEXT,Y,Y,N,,active venue context,2,H,Y,venue_team
0258,supabase/migrations/20260814000000_floor_plan_templates.sql,current_user_venue_id,"73,74,78,79",4,using      (venue_id = public.current_user_venue_id()),SQL/RPC current_user_venue_id(),owner_user_id venue then staff venue LIMIT 1,events.floor_plans,Y,Y,N,,staff narrowing / finance caps,7,M,Y,venue_team
0259,supabase/migrations/20260816000000_inventory_foundation.sql,current_user_venue_id,"105,106,110,111",4,using      (venue_id = public.current_user_venue_id()),SQL/RPC current_user_venue_id(),owner_user_id venue then staff venue LIMIT 1,ACTIVE_VENUE_CONTEXT,Y,Y,N,,active venue context,2,H,Y,venue_team
0260,supabase/migrations/20260818000000_communication_workspace_completion.sql,current_user_venue_id,24,1,v_venue_id := current_user_venue_id();,SQL/RPC current_user_venue_id(),owner_user_id venue then staff venue LIMIT 1,ACTIVE_VENUE_CONTEXT,Y,Y,N,,active venue context,2,H,Y,venue_team
0261,supabase/migrations/20260819000000_client_identity_foundation.sql,current_user_venue_id,"71,72,130,152,277",5,using (venue_id = public.current_user_venue_id()),SQL/RPC current_user_venue_id(),owner_user_id venue then staff venue LIMIT 1,ACTIVE_VENUE_CONTEXT,Y,Y,N,,active venue context,2,H,Y,venue_team
0262,supabase/migrations/20260820000000_request_framework.sql,current_user_venue_id,"60,61,95,103",4,using (venue_id = public.current_user_venue_id()),SQL/RPC current_user_venue_id(),owner_user_id venue then staff venue LIMIT 1,ACTIVE_VENUE_CONTEXT,Y,Y,N,,active venue context,2,H,Y,venue_team
0263,supabase/migrations/20260825000000_guest_household_foundation.sql,current_user_venue_id,26,1,--    `venue_id = current_user_venue_id()` SELECT policy — any active venue,SQL/RPC current_user_venue_id(),owner_user_id venue then staff venue LIMIT 1,ACTIVE_VENUE_CONTEXT,Y,Y,N,,active venue context,2,H,Y,venue_team
0264,supabase/migrations/20260829000000_luv_infrastructure_repair.sql,current_user_venue_id,"19,68",2,"--      current_user_venue_id() helper, exactly as every sibling Luv",SQL/RPC current_user_venue_id(),owner_user_id venue then staff venue LIMIT 1,ACTIVE_VENUE_CONTEXT,Y,Y,N,,active venue context,2,H,Y,venue_team
0265,supabase/migrations/20260829000000_luv_infrastructure_repair.sql,owner_user_id,17,1,--      existed (`venues` uses `owner_user_id`) — this alone throws on,venues.owner_user_id reference,singular venue owner column,OWNER_USER_ID_REF,Y,partial,N,a_account_contact_or_historical,multi-owner + account contact,4,H,Y,venue_team
0266,supabase/migrations/20260901000000_platform_event_framework_phase1.sql,current_user_venue_id,59,1,using (venue_id = current_user_venue_id());,SQL/RPC current_user_venue_id(),owner_user_id venue then staff venue LIMIT 1,ACTIVE_VENUE_CONTEXT,Y,Y,N,,active venue context,2,H,Y,venue_team
0267,supabase/migrations/20260903000000_automation_framework_phase1.sql,current_user_venue_id,"48,49,78",3,using (venue_id = current_user_venue_id()),SQL/RPC current_user_venue_id(),owner_user_id venue then staff venue LIMIT 1,ACTIVE_VENUE_CONTEXT,Y,Y,N,,active venue context,2,H,Y,venue_team
0268,supabase/migrations/20260910000000_timeline_wedding_day_ops_authorization.sql,current_user_venue_id,"10,21,41,164,183",5,"-- (current_user_venue_id(), the same helper this codebase's own RLS",SQL/RPC current_user_venue_id(),owner_user_id venue then staff venue LIMIT 1,ACTIVE_VENUE_CONTEXT,Y,Y,N,,active venue context,2,H,Y,venue_team
0269,supabase/migrations/20260911000000_wedding_day_ops_staff_visibility.sql,current_user_venue_id,27,1,if v_venue_id is null or v_venue_id is distinct from public.current_user_venue_id() then,SQL/RPC current_user_venue_id(),owner_user_id venue then staff venue LIMIT 1,ACTIVE_VENUE_CONTEXT,Y,Y,N,,active venue context,2,H,Y,venue_team
0270,supabase/migrations/20260918000000_communication_trust_message_status.sql,current_user_venue_id,"64,163",2,v_venue_id := current_user_venue_id();,SQL/RPC current_user_venue_id(),owner_user_id venue then staff venue LIMIT 1,ACTIVE_VENUE_CONTEXT,Y,Y,N,,active venue context,2,H,Y,venue_team
0271,supabase/migrations/20260920000000_communication_diagnostics_hq_access.sql,current_user_venue_id,7,1,"-- ""your own venue"" (owner_user_id = auth.uid() / current_user_venue_id()),",SQL/RPC current_user_venue_id(),owner_user_id venue then staff venue LIMIT 1,ACTIVE_VENUE_CONTEXT,Y,Y,N,,active venue context,2,H,Y,venue_team
0272,supabase/migrations/20260920000000_communication_diagnostics_hq_access.sql,owner_user_id,7,1,"-- ""your own venue"" (owner_user_id = auth.uid() / current_user_venue_id()),",venues.owner_user_id reference,singular venue owner column,OWNER_USER_ID_REF,Y,partial,N,d_obsolete_ownership_auth_signal,multi-owner + account contact,4,H,Y,venue_team
0273,supabase/migrations/20260922000000_coordinator_tour_scheduling.sql,current_user_venue_id,"26,36,37,209,236,326",6,"-- Written in Sprint 45, before current_user_venue_id() (Sprint 107) existed",SQL/RPC current_user_venue_id(),owner_user_id venue then staff venue LIMIT 1,ACTIVE_VENUE_CONTEXT,Y,Y,N,,active venue context,2,H,Y,venue_team
0274,supabase/migrations/20260922000000_coordinator_tour_scheduling.sql,owner_user_id,27,1,"-- — ""owner_user_id = auth.uid()"" means any coordinator who is not literally",venues.owner_user_id reference,singular venue owner column,OWNER_USER_ID_REF,Y,partial,N,d_obsolete_ownership_auth_signal,multi-owner + account contact,4,H,Y,venue_team
0275,supabase/migrations/20260923000000_event_order_foundation.sql,current_user_venue_id,"156,157,161,162,166,167,171,172",8,using      (venue_id = public.current_user_venue_id()),SQL/RPC current_user_venue_id(),owner_user_id venue then staff venue LIMIT 1,ACTIVE_VENUE_CONTEXT,Y,Y,N,,active venue context,2,H,Y,venue_team
0276,supabase/migrations/20260927000000_fix_venue_setup_rls_self_reference.sql,current_user_venue_id,"10,11,51",3,-- row to satisfy venues' SELECT policy (`id = current_user_venue_id()`).,SQL/RPC current_user_venue_id(),owner_user_id venue then staff venue LIMIT 1,ACTIVE_VENUE_CONTEXT,Y,Y,N,,active venue context,2,H,Y,venue_team
0277,supabase/migrations/20260927000000_fix_venue_setup_rls_self_reference.sql,owner_user_id,"4,71,76",3,-- Bug: `insert into public.venues (...) on conflict (owner_user_id) do update,venues.owner_user_id reference,singular venue owner column,OWNER_USER_ID_REF,Y,partial,N,a_account_contact_or_historical,multi-owner + account contact,4,H,Y,venue_team
0278,supabase/migrations/20260928000000_atomic_lead_creation.sql,current_user_venue_id,38,1,v_venue_id  uuid := public.current_user_venue_id();,SQL/RPC current_user_venue_id(),owner_user_id venue then staff venue LIMIT 1,ACTIVE_VENUE_CONTEXT,Y,Y,N,,active venue context,2,H,Y,venue_team
0279,supabase/migrations/20260929000000_phase4_floor_plan_finalized_checkpoint.sql,current_user_venue_id,13,1,-- `current_user_venue_id()` policy pattern by,SQL/RPC current_user_venue_id(),owner_user_id venue then staff venue LIMIT 1,events.floor_plans,Y,Y,N,,staff narrowing / finance caps,7,M,Y,venue_team
0280,supabase/migrations/20260930000000_atomic_client_and_vendor_creation.sql,current_user_venue_id,"26,111",2,v_venue_id  uuid := public.current_user_venue_id();,SQL/RPC current_user_venue_id(),owner_user_id venue then staff venue LIMIT 1,ACTIVE_VENUE_CONTEXT,Y,Y,N,,active venue context,2,H,Y,venue_team
0281,supabase/migrations/20261001000000_tr_g5_refund_rls_backstop.sql,current_user_role_rpc,29,1,and (status <> 'refunded' or current_user_role() = 'owner'),SQL/RPC current_user_role(),prefers venues.owner_user_id then staff role LIMIT 1,payments.refund,Y,Y,N,,sensitive capability conversion,6,H,Y,venue_team
0282,supabase/migrations/20261001000000_tr_g5_refund_rls_backstop.sql,current_user_venue_id,"26,28",2,using (venue_id = current_user_venue_id()),SQL/RPC current_user_venue_id(),owner_user_id venue then staff venue LIMIT 1,payments.refund,Y,Y,N,,sensitive capability conversion,6,H,Y,venue_team
0283,supabase/migrations/20261001000000_tr_g5_refund_rls_backstop.sql,refundLineItem_,5,1,-- architecture-remediation-plan.md). refundLineItem_ (lib/payments/service.ts),refundLineItem_ service,owner only,payments.refund,Y,partial,N,,sensitive capability conversion,6,H,Y,venue_team
0284,supabase/migrations/20261001000000_tr_g5_refund_rls_backstop.sql,role_owner_sql,29,1,and (status <> 'refunded' or current_user_role() = 'owner'),RLS/SQL role owner/staff clause,see snippet,payments.refund,Y,Y,N,,sensitive capability conversion,6,H,Y,venue_team
0285,supabase/migrations/20261002000000_tr_g6_core_object_delete_role_gate.sql,current_user_role_rpc,"31,36,39,42,45,48,51,54,57,60,63,66,69,72,75,78,81,84,87,90…",41,-- Same current_user_role() helper TR-G1 already established; no new,SQL/RPC current_user_role(),prefers venues.owner_user_id then staff role LIMIT 1,LEGACY_ROLE_RESOLUTION,Y,Y,N,,remaining role-string retirement,9,M,Y,venue_team
0286,supabase/migrations/20261002000000_tr_g6_core_object_delete_role_gate.sql,current_user_venue_id,6,1,"-- ""for all using (venue_id = current_user_venue_id())"" policy with no role",SQL/RPC current_user_venue_id(),owner_user_id venue then staff venue LIMIT 1,ACTIVE_VENUE_CONTEXT,Y,Y,N,,active venue context,2,H,Y,venue_team
0287,supabase/migrations/20261002000000_tr_g6_core_object_delete_role_gate.sql,in_owner_manager_sql,"36,39,42,45,48,51,54,57,60,63,66,69,72,75,78,81,84,87,90,93…",40,"using (current_user_role() in ('owner', 'manager'));","RLS/SQL current_user_role() in ('owner','manager')",owner|manager,LEGACY_ROLE_RLS_GATE,Y,Y,N,,remaining role-string retirement,9,H,Y,venue_team
0288,supabase/migrations/20261003000000_tr_g7_invite_identity_check.sql,current_user_role_rpc,11,1,-- at the same venue — current_user_role()/current_user_venue_id() have no,SQL/RPC current_user_role(),prefers venues.owner_user_id then staff role LIMIT 1,LEGACY_ROLE_RESOLUTION,Y,Y,N,,remaining role-string retirement,9,M,Y,venue_team
0289,supabase/migrations/20261003000000_tr_g7_invite_identity_check.sql,current_user_venue_id,11,1,-- at the same venue — current_user_role()/current_user_venue_id() have no,SQL/RPC current_user_venue_id(),owner_user_id venue then staff venue LIMIT 1,ACTIVE_VENUE_CONTEXT,Y,Y,N,,active venue context,2,H,Y,venue_team
0290,supabase/migrations/20261011000000_hosted_experience_phase2_section_table.sql,current_user_venue_id,58,1,and w.venue_id = public.current_user_venue_id(),SQL/RPC current_user_venue_id(),owner_user_id venue then staff venue LIMIT 1,ACTIVE_VENUE_CONTEXT,Y,Y,N,,active venue context,2,H,Y,venue_team
0291,supabase/migrations/20261015000000_hosted_experience_phase3_publishing_schema.sql,current_user_venue_id,78,1,and w.venue_id = public.current_user_venue_id(),SQL/RPC current_user_venue_id(),owner_user_id venue then staff venue LIMIT 1,ACTIVE_VENUE_CONTEXT,Y,Y,N,,active venue context,2,H,Y,venue_team
0292,supabase/migrations/20261024000000_commitment_alignment_guest_count_submission.sql,current_user_venue_id,43,1,using (venue_id = current_user_venue_id());,SQL/RPC current_user_venue_id(),owner_user_id venue then staff venue LIMIT 1,ACTIVE_VENUE_CONTEXT,Y,Y,N,,active venue context,2,H,Y,venue_team
0293,supabase/migrations/20261025000000_commitment_alignment_seating_schema.sql,current_user_venue_id,"66,94",2,using (venue_id = current_user_venue_id());,SQL/RPC current_user_venue_id(),owner_user_id venue then staff venue LIMIT 1,events.floor_plans,Y,Y,N,,staff narrowing / finance caps,7,M,Y,venue_team
0294,supabase/migrations/20261025010000_commitment_alignment_seating_rpcs.sql,current_user_venue_id,"445,454,503,544,567,618",6,"--    and revoke — all authenticated via current_user_venue_id(), never a",SQL/RPC current_user_venue_id(),owner_user_id venue then staff venue LIMIT 1,events.floor_plans,Y,Y,N,,staff narrowing / finance caps,7,M,Y,venue_team
0295,supabase/migrations/20261025040000_commitment_alignment_seating_operational_delegation_id_fix.sql,current_user_venue_id,16,1,v_venue_id uuid := current_user_venue_id();,SQL/RPC current_user_venue_id(),owner_user_id venue then staff venue LIMIT 1,events.floor_plans,Y,Y,N,,staff narrowing / finance caps,7,M,Y,venue_team
0296,supabase/migrations/20261025050000_commitment_alignment_seating_venue_assign_fix.sql,current_user_venue_id,17,1,v_venue_id uuid := current_user_venue_id();,SQL/RPC current_user_venue_id(),owner_user_id venue then staff venue LIMIT 1,events.floor_plans,Y,Y,N,,staff narrowing / finance caps,7,M,Y,venue_team
0297,supabase/migrations/20261026000000_commitment_alignment_vendor_selection_submission.sql,current_user_venue_id,45,1,using (venue_id = current_user_venue_id());,SQL/RPC current_user_venue_id(),owner_user_id venue then staff venue LIMIT 1,ACTIVE_VENUE_CONTEXT,Y,Y,N,,active venue context,2,H,Y,venue_team
0298,supabase/migrations/20261029010000_timeline_submissions.sql,current_user_venue_id,27,1,using (venue_id = current_user_venue_id());,SQL/RPC current_user_venue_id(),owner_user_id venue then staff venue LIMIT 1,ACTIVE_VENUE_CONTEXT,Y,Y,N,,active venue context,2,H,Y,venue_team
0299,supabase/migrations/20261029040000_timeline_merged_venue_view.sql,current_user_venue_id,"26,99",2,if v_venue_id is null or v_venue_id is distinct from public.current_user_venue_id() then,SQL/RPC current_user_venue_id(),owner_user_id venue then staff venue LIMIT 1,ACTIVE_VENUE_CONTEXT,Y,Y,N,,active venue context,2,H,Y,venue_team
0300,supabase/migrations/20261029050000_timeline_merged_view_ordering_fix.sql,current_user_venue_id,23,1,if v_venue_id is null or v_venue_id is distinct from public.current_user_venue_id() then,SQL/RPC current_user_venue_id(),owner_user_id venue then staff venue LIMIT 1,ACTIVE_VENUE_CONTEXT,Y,Y,N,,active venue context,2,H,Y,venue_team
0301,supabase/migrations/20261029060000_timeline_merged_view_notes_fix.sql,current_user_venue_id,21,1,if v_venue_id is null or v_venue_id is distinct from public.current_user_venue_id() then,SQL/RPC current_user_venue_id(),owner_user_id venue then staff venue LIMIT 1,ACTIVE_VENUE_CONTEXT,Y,Y,N,,active venue context,2,H,Y,venue_team
0302,supabase/migrations/20261101020000_engineering_cleanup_rls_luv_rollups_vendor_health.sql,current_user_venue_id,38,1,using (venue_id = public.current_user_venue_id());,SQL/RPC current_user_venue_id(),owner_user_id venue then staff venue LIMIT 1,ACTIVE_VENUE_CONTEXT,Y,Y,N,,active venue context,2,H,Y,venue_team
0303,supabase/migrations/20261101020000_engineering_cleanup_rls_luv_rollups_vendor_health.sql,owner_user_id,"19,52",2,"-- still use the older owner_user_id-only check; that's a separate,",venues.owner_user_id reference,singular venue owner column,OWNER_USER_ID_REF,Y,partial,N,a_account_contact_or_historical,multi-owner + account contact,4,H,Y,venue_team
0304,supabase/migrations/20261102000000_luv_celebrations.sql,current_user_venue_id,"51,59",2,using (venue_id = current_user_venue_id());,SQL/RPC current_user_venue_id(),owner_user_id venue then staff venue LIMIT 1,ACTIVE_VENUE_CONTEXT,Y,Y,N,,active venue context,2,H,Y,venue_team
0305,supabase/migrations/20261110000000_lead_intake_architecture.sql,current_user_venue_id,"136,469",2,for select using (venue_id = public.current_user_venue_id());,SQL/RPC current_user_venue_id(),owner_user_id venue then staff venue LIMIT 1,ACTIVE_VENUE_CONTEXT,Y,Y,N,,active venue context,2,H,Y,venue_team
0306,supabase/migrations/20261112000000_rc2_conversation_attachments.sql,current_user_venue_id,"32,36,49,69,109,133",6,where cm.id = message_id and cm.venue_id = public.current_user_venue_id(),SQL/RPC current_user_venue_id(),owner_user_id venue then staff venue LIMIT 1,ACTIVE_VENUE_CONTEXT,Y,Y,N,,active venue context,2,H,Y,venue_team
0307,supabase/migrations/20261112000000_rc2_conversation_attachments.sql,owner_user_id,51,1,-- the older owner_user_id lookup the couple-messages version predates.,venues.owner_user_id reference,singular venue owner column,OWNER_USER_ID_REF,Y,partial,N,a_account_contact_or_historical,multi-owner + account contact,4,H,Y,venue_team
0308,supabase/migrations/20261114000000_rc2_vendor_conversations.sql,current_user_venue_id,109,1,v_venue_id := current_user_venue_id();,SQL/RPC current_user_venue_id(),owner_user_id venue then staff venue LIMIT 1,ACTIVE_VENUE_CONTEXT,Y,Y,N,,active venue context,2,H,Y,venue_team
0309,supabase/migrations/20261115000000_rc2_activity_timeline.sql,current_user_venue_id,32,1,v_venue_id := current_user_venue_id();,SQL/RPC current_user_venue_id(),owner_user_id venue then staff venue LIMIT 1,ACTIVE_VENUE_CONTEXT,Y,Y,N,,active venue context,2,H,Y,venue_team
0310,supabase/migrations/20261116000000_rc2_search_conversations_requests.sql,owner_user_id,48,1,where owner_user_id = auth.uid();,venues.owner_user_id reference,singular venue owner column,OWNER_USER_ID_REF,Y,partial,N,d_obsolete_ownership_auth_signal,multi-owner + account contact,4,H,Y,venue_team
0311,supabase/migrations/20261117000000_rc2_fix_conversation_inbox_client_lookup.sql,current_user_venue_id,24,1,v_venue_id := current_user_venue_id();,SQL/RPC current_user_venue_id(),owner_user_id venue then staff venue LIMIT 1,ACTIVE_VENUE_CONTEXT,Y,Y,N,,active venue context,2,H,Y,venue_team
0312,supabase/migrations/20261122000000_sprint1_vendor_conversation_attachments.sql,current_user_venue_id,60,1,-- policy) resolve back to current_user_venue_id() only — there is no,SQL/RPC current_user_venue_id(),owner_user_id venue then staff venue LIMIT 1,ACTIVE_VENUE_CONTEXT,Y,Y,N,,active venue context,2,H,Y,venue_team
0313,supabase/migrations/20261123000000_sprint1_vendor_event_detail_and_floor_plan_sharing.sql,current_user_venue_id,9,1,"-- venue_id = current_user_venue_id(), which is null for a vendor) — every",SQL/RPC current_user_venue_id(),owner_user_id venue then staff venue LIMIT 1,events.floor_plans,Y,Y,N,,staff narrowing / finance caps,7,M,Y,venue_team
0314,supabase/migrations/20261124000000_sprint2_vendor_certification_fixes.sql,current_user_venue_id,7,1,-- only recognizes venue_id = current_user_venue_id() (null for a vendor,SQL/RPC current_user_venue_id(),owner_user_id venue then staff venue LIMIT 1,ACTIVE_VENUE_CONTEXT,Y,Y,N,,active venue context,2,H,Y,venue_team
0315,supabase/migrations/20261126000000_quickbooks_integration_phase_a.sql,current_user_venue_id,"67,68,123,124,153,154",6,for all using (venue_id = public.current_user_venue_id()),SQL/RPC current_user_venue_id(),owner_user_id venue then staff venue LIMIT 1,settings.integrations,Y,Y,N,,sensitive capability conversion,6,M,Y,venue_team
0316,supabase/migrations/20261129000000_tour_scheduling_completion.sql,current_user_venue_id,"56,57,88,89,379,446",6,using (venue_id = public.current_user_venue_id()),SQL/RPC current_user_venue_id(),owner_user_id venue then staff venue LIMIT 1,ACTIVE_VENUE_CONTEXT,Y,Y,N,,active venue context,2,H,Y,venue_team
0317,supabase/migrations/20261132000000_facebook_lead_ads.sql,current_user_venue_id,"43,44,69,70,110,134",6,using (venue_id = public.current_user_venue_id()),SQL/RPC current_user_venue_id(),owner_user_id venue then staff venue LIMIT 1,ACTIVE_VENUE_CONTEXT,Y,Y,N,,active venue context,2,H,Y,venue_team
0318,supabase/migrations/20261133000000_qr_lead_capture.sql,current_user_venue_id,"34,35,53",3,using (venue_id = public.current_user_venue_id()),SQL/RPC current_user_venue_id(),owner_user_id venue then staff venue LIMIT 1,ACTIVE_VENUE_CONTEXT,Y,Y,N,,active venue context,2,H,Y,venue_team
0319,supabase/migrations/20261135000000_stripe_payment_processing_phase_a.sql,current_user_venue_id,"98,99",2,for all using (venue_id = public.current_user_venue_id()),SQL/RPC current_user_venue_id(),owner_user_id venue then staff venue LIMIT 1,ACTIVE_VENUE_CONTEXT,Y,Y,N,,active venue context,2,H,Y,venue_team
0320,supabase/migrations/20261135000000_stripe_payment_processing_phase_a.sql,markLineItemPaid,107,1,"-- checked directly, not assumed. markLineItemPaid()/refundLineItem_() (the",markLineItemPaid service,venue membership; no role gate,payments.refund,Y,partial,N,,sensitive capability conversion,6,H,Y,venue_team
0321,supabase/migrations/20261135000000_stripe_payment_processing_phase_a.sql,refundLineItem_,107,1,"-- checked directly, not assumed. markLineItemPaid()/refundLineItem_() (the",refundLineItem_ service,owner only,payments.refund,Y,partial,N,,sensitive capability conversion,6,H,Y,venue_team
0322,supabase/migrations/20261137000000_guided_setup_resumability.sql,owner_user_id,"62,67",2,select id into v_id from public.venues where owner_user_id = uid;,venues.owner_user_id reference,singular venue owner column,OWNER_USER_ID_REF,Y,partial,N,a_account_contact_or_historical,multi-owner + account contact,4,H,Y,venue_team
0323,supabase/migrations/20261139000000_migration_center_foundation.sql,current_user_venue_id,"47,48",2,for all using (venue_id = public.current_user_venue_id()),SQL/RPC current_user_venue_id(),owner_user_id venue then staff venue LIMIT 1,ACTIVE_VENUE_CONTEXT,Y,Y,N,,active venue context,2,H,Y,venue_team
0324,supabase/migrations/20261140000000_message_template_attachments.sql,current_user_venue_id,"33,34",2,using      (venue_id = public.current_user_venue_id()),SQL/RPC current_user_venue_id(),owner_user_id venue then staff venue LIMIT 1,ACTIVE_VENUE_CONTEXT,Y,Y,N,,active venue context,2,H,Y,venue_team
0325,supabase/migrations/20261141000000_white_glove_atomic_venue_override.sql,current_user_venue_id,"8,16,47,131",4,-- current_user_venue_id() INTERNALLY and ignore any venueId passed in from,SQL/RPC current_user_venue_id(),owner_user_id venue then staff venue LIMIT 1,ACTIVE_VENUE_CONTEXT,Y,Y,N,,active venue context,2,H,Y,venue_team
0326,supabase/migrations/20261143000000_white_glove_onboarding_engagements.sql,current_user_venue_id,19,1,-- venue of its own and would still fail current_user_venue_id()). So the,SQL/RPC current_user_venue_id(),owner_user_id venue then staff venue LIMIT 1,ACTIVE_VENUE_CONTEXT,Y,Y,N,,active venue context,2,H,Y,venue_team
0327,supabase/migrations/20261151000000_white_glove_lead_venue_override.sql,current_user_venue_id,"8,30",2,"-- session (falls back to their own current_user_venue_id(), unchanged).",SQL/RPC current_user_venue_id(),owner_user_id venue then staff venue LIMIT 1,ACTIVE_VENUE_CONTEXT,Y,Y,N,,active venue context,2,H,Y,venue_team
0328,supabase/migrations/20261153000000_luv_briefing_views.sql,current_user_venue_id,"27,28",2,using (venue_id = current_user_venue_id()),SQL/RPC current_user_venue_id(),owner_user_id venue then staff venue LIMIT 1,ACTIVE_VENUE_CONTEXT,Y,Y,N,,active venue context,2,H,Y,venue_team
0329,supabase/migrations/20261159000000_vendor_faqs.sql,in_owner_manager_sql,32,1,"and vu.role in ('owner', 'manager')","RLS/SQL current_user_role() in ('owner','manager')",owner|manager,LEGACY_ROLE_RLS_GATE,Y,Y,N,,remaining role-string retirement,9,H,Y,venue_team
0330,supabase/migrations/20261159000000_vendor_faqs.sql,owner_user_id,44,1,and v.owner_user_id = auth.uid(),venues.owner_user_id reference,singular venue owner column,OWNER_USER_ID_REF,Y,partial,N,d_obsolete_ownership_auth_signal,multi-owner + account contact,4,H,Y,venue_team
0331,supabase/migrations/20261170000000_vendor_venue_first_dashboard.sql,current_user_venue_id,16,1,-- current_user_venue_id() (venue-staff sessions) — there is no policy,SQL/RPC current_user_venue_id(),owner_user_id venue then staff venue LIMIT 1,ACTIVE_VENUE_CONTEXT,Y,Y,N,,active venue context,2,H,Y,venue_team
0332,supabase/migrations/20261179000000_vendor_self_checkin.sql,current_user_venue_id,4,1,-- UPDATE is blocked by eva_all (venue_id = current_user_venue_id()).,SQL/RPC current_user_venue_id(),owner_user_id venue then staff venue LIMIT 1,ACTIVE_VENUE_CONTEXT,Y,Y,N,,active venue context,2,H,Y,venue_team
0333,supabase/migrations/20261181000000_couple_vendor_conversations.sql,current_user_venue_id,187,1,v_venue_id := current_user_venue_id();,SQL/RPC current_user_venue_id(),owner_user_id venue then staff venue LIMIT 1,ACTIVE_VENUE_CONTEXT,Y,Y,N,,active venue context,2,H,Y,venue_team
0334,supabase/migrations/20261189000000_vendor_task_templates.sql,in_owner_manager_sql,41,1,"and vu.role in ('owner', 'manager')","RLS/SQL current_user_role() in ('owner','manager')",owner|manager,LEGACY_ROLE_RLS_GATE,Y,Y,N,,remaining role-string retirement,9,H,Y,venue_team
0335,supabase/migrations/20261191000000_event_vendor_removal_requests.sql,current_user_venue_id,"55,60,61",3,for select using (venue_id = public.current_user_venue_id());,SQL/RPC current_user_venue_id(),owner_user_id venue then staff venue LIMIT 1,ACTIVE_VENUE_CONTEXT,Y,Y,N,,active venue context,2,H,Y,venue_team
0336,supabase/migrations/20261192000000_vendor_task_template_packs.sql,in_owner_manager_sql,"79,130",2,"and vu.role in ('owner', 'manager')","RLS/SQL current_user_role() in ('owner','manager')",owner|manager,LEGACY_ROLE_RLS_GATE,Y,Y,N,,remaining role-string retirement,9,H,Y,venue_team
0337,supabase/migrations/20261194000000_timeline_day_offset.sql,current_user_venue_id,68,1,if v_venue_id is null or v_venue_id is distinct from public.current_user_venue_id() then,SQL/RPC current_user_venue_id(),owner_user_id venue then staff venue LIMIT 1,ACTIVE_VENUE_CONTEXT,Y,Y,N,,active venue context,2,H,Y,venue_team
0338,supabase/migrations/20261213000000_document_domain_foundation.sql,current_user_role_rpc,547,1,"using (public.current_user_role() in ('owner', 'manager'));",SQL/RPC current_user_role(),prefers venues.owner_user_id then staff role LIMIT 1,LEGACY_ROLE_RESOLUTION,Y,Y,N,,remaining role-string retirement,9,M,Y,venue_team
0339,supabase/migrations/20261213000000_document_domain_foundation.sql,current_user_venue_id,"540,541,572,582,591,600,609,618",8,"using      (public.canonical_document_owner_venue_id(owner_type, owner_id) = public.current_user_venue_id())",SQL/RPC current_user_venue_id(),owner_user_id venue then staff venue LIMIT 1,ACTIVE_VENUE_CONTEXT,Y,Y,N,,active venue context,2,H,Y,venue_team
0340,supabase/migrations/20261213000000_document_domain_foundation.sql,in_owner_manager_sql,547,1,"using (public.current_user_role() in ('owner', 'manager'));","RLS/SQL current_user_role() in ('owner','manager')",owner|manager,LEGACY_ROLE_RLS_GATE,Y,Y,N,,remaining role-string retirement,9,H,Y,venue_team
0341,supabase/migrations/20261221000000_canonical_metrics_foundation.sql,current_user_venue_id,"125,144,161,186,208",5,"-- current_user_venue_id() helper (sprint107), exactly as every sibling",SQL/RPC current_user_venue_id(),owner_user_id venue then staff venue LIMIT 1,ACTIVE_VENUE_CONTEXT,Y,Y,N,,active venue context,2,H,Y,venue_team
0342,supabase/migrations/20261221000000_canonical_metrics_foundation.sql,owner_user_id,298,1,where owner_user_id = auth.uid();,venues.owner_user_id reference,singular venue owner column,OWNER_USER_ID_REF,Y,partial,N,d_obsolete_ownership_auth_signal,multi-owner + account contact,4,H,Y,venue_team
0343,supabase/migrations/20261222000000_document_workspace.sql,current_user_venue_id,"49,50,78,83,89,114",6,using      (venue_id = public.current_user_venue_id()),SQL/RPC current_user_venue_id(),owner_user_id venue then staff venue LIMIT 1,ACTIVE_VENUE_CONTEXT,Y,Y,N,,active venue context,2,H,Y,venue_team
0344,supabase/migrations/20261239000000_couple_share_timeline_verified_completion.sql,current_user_venue_id,76,1,and e.venue_id = public.current_user_venue_id(),SQL/RPC current_user_venue_id(),owner_user_id venue then staff venue LIMIT 1,ACTIVE_VENUE_CONTEXT,Y,Y,N,,active venue context,2,H,Y,venue_team
0345,supabase/migrations/20261248000000_event_inventory_foundation.sql,current_user_venue_id,"196,197,201,202,206,207,211,212,216,217",10,using      (venue_id = public.current_user_venue_id()),SQL/RPC current_user_venue_id(),owner_user_id venue then staff venue LIMIT 1,ACTIVE_VENUE_CONTEXT,Y,Y,N,,active venue context,2,H,Y,venue_team
0346,supabase/migrations/20261251000000_floor_plan_phase2_offers_and_selection.sql,current_user_venue_id,"137,138",2,using      (venue_id = public.current_user_venue_id()),SQL/RPC current_user_venue_id(),owner_user_id venue then staff venue LIMIT 1,events.floor_plans,Y,Y,N,,staff narrowing / finance caps,7,M,Y,venue_team
0347,supabase/migrations/20261253000000_questionnaire_working_experience.sql,current_user_venue_id,"14,55,56,94,95,127,128",7,--    written before Sprint 107 introduced venue_staff/current_user_venue_id(),SQL/RPC current_user_venue_id(),owner_user_id venue then staff venue LIMIT 1,ACTIVE_VENUE_CONTEXT,Y,Y,N,,active venue context,2,H,Y,venue_team
0348,supabase/migrations/20261253000000_questionnaire_working_experience.sql,owner_user_id,15,1,--    and was never migrated — it still checks `owner_user_id = auth.uid()`,venues.owner_user_id reference,singular venue owner column,OWNER_USER_ID_REF,Y,partial,N,d_obsolete_ownership_auth_signal,multi-owner + account contact,4,H,Y,venue_team
0349,supabase/migrations/20261254000000_questionnaire_draft_save_and_reopen.sql,current_user_venue_id,79,1,"-- and event_questionnaires' own RLS (venue_id = current_user_venue_id(),",SQL/RPC current_user_venue_id(),owner_user_id venue then staff venue LIMIT 1,ACTIVE_VENUE_CONTEXT,Y,Y,N,,active venue context,2,H,Y,venue_team
0350,supabase/migrations/20261257000000_reporting_funnel_date_window.sql,current_user_venue_id,34,1,v_venue_id uuid := public.current_user_venue_id();,SQL/RPC current_user_venue_id(),owner_user_id venue then staff venue LIMIT 1,reports.view|reports.schedule,Y,Y,N,,remaining role-string retirement,9,M,Y,venue_team
0351,supabase/migrations/20261257000000_reporting_funnel_date_window.sql,owner_user_id,131,1,where owner_user_id = auth.uid();,venues.owner_user_id reference,singular venue owner column,reports.view|reports.schedule,Y,partial,N,d_obsolete_ownership_auth_signal,remaining role-string retirement,9,M,Y,venue_team
0352,supabase/migrations/20261258000000_reporting_funnel_stage_detail.sql,current_user_venue_id,64,1,where l.venue_id = public.current_user_venue_id(),SQL/RPC current_user_venue_id(),owner_user_id venue then staff venue LIMIT 1,reports.view|reports.schedule,Y,Y,N,,remaining role-string retirement,9,M,Y,venue_team
0353,supabase/migrations/20261259000000_canonical_bookings_security_invoker.sql,current_user_venue_id,13,1,"-- payment_line_items, all of which do have `venue_id = current_user_venue_id()`",SQL/RPC current_user_venue_id(),owner_user_id venue then staff venue LIMIT 1,ACTIVE_VENUE_CONTEXT,Y,Y,N,,active venue context,2,H,Y,venue_team
0354,supabase/migrations/20261260000000_template_delete_permission_normalization.sql,current_user_role_rpc,"30,35,40,45,50,55",6,"using (current_user_role() = any (array['owner', 'manager']));",SQL/RPC current_user_role(),prefers venues.owner_user_id then staff role LIMIT 1,LEGACY_ROLE_RESOLUTION,Y,Y,N,,remaining role-string retirement,9,M,Y,venue_team
0355,supabase/migrations/20261261000000_event_order_templates.sql,current_user_role_rpc,125,1,"using (current_user_role() = any (array['owner', 'manager']));",SQL/RPC current_user_role(),prefers venues.owner_user_id then staff role LIMIT 1,LEGACY_ROLE_RESOLUTION,Y,Y,N,,remaining role-string retirement,9,M,Y,venue_team
0356,supabase/migrations/20261261000000_event_order_templates.sql,current_user_venue_id,"101,102,106,107,111,112",6,using      (venue_id = public.current_user_venue_id()),SQL/RPC current_user_venue_id(),owner_user_id venue then staff venue LIMIT 1,ACTIVE_VENUE_CONTEXT,Y,Y,N,,active venue context,2,H,Y,venue_team
0357,supabase/migrations/20261262000000_brochures.sql,current_user_role_rpc,84,1,"using (current_user_role() = any (array['owner', 'manager']));",SQL/RPC current_user_role(),prefers venues.owner_user_id then staff role LIMIT 1,LEGACY_ROLE_RESOLUTION,Y,Y,N,,remaining role-string retirement,9,M,Y,venue_team
0358,supabase/migrations/20261262000000_brochures.sql,current_user_venue_id,"72,73,77,78",4,using      (venue_id = public.current_user_venue_id()),SQL/RPC current_user_venue_id(),owner_user_id venue then staff venue LIMIT 1,ACTIVE_VENUE_CONTEXT,Y,Y,N,,active venue context,2,H,Y,venue_team
0359,supabase/migrations/20261264000000_saved_reports.sql,current_user_venue_id,"84,85,89,90",4,using      (venue_id = public.current_user_venue_id()),SQL/RPC current_user_venue_id(),owner_user_id venue then staff venue LIMIT 1,ACTIVE_VENUE_CONTEXT,Y,Y,N,,active venue context,2,H,Y,venue_team
0360,supabase/migrations/20261265000000_saved_report_schedule_permission_gate.sql,current_user_role_rpc,"19,24",2,"with check (current_user_role() = any (array['owner', 'manager']));",SQL/RPC current_user_role(),prefers venues.owner_user_id then staff role LIMIT 1,LEGACY_ROLE_RESOLUTION,Y,Y,N,,remaining role-string retirement,9,M,Y,venue_team
0361,supabase/migrations/20261266000000_playbook_milestones_delete_gate.sql,current_user_role_rpc,15,1,"using (current_user_role() = any (array['owner', 'manager']));",SQL/RPC current_user_role(),prefers venues.owner_user_id then staff role LIMIT 1,LEGACY_ROLE_RESOLUTION,Y,Y,N,,remaining role-string retirement,9,M,Y,venue_team
0362,supabase/migrations/20261279000000_invoice_void_rls_backstop.sql,current_user_role_rpc,28,1,"and (status <> 'void' or current_user_role() in ('owner', 'manager'))",SQL/RPC current_user_role(),prefers venues.owner_user_id then staff role LIMIT 1,payments.void_invoice,Y,Y,N,,sensitive capability conversion,6,M,Y,venue_team
0363,supabase/migrations/20261279000000_invoice_void_rls_backstop.sql,current_user_venue_id,"25,27",2,using (venue_id = current_user_venue_id()),SQL/RPC current_user_venue_id(),owner_user_id venue then staff venue LIMIT 1,ACTIVE_VENUE_CONTEXT,Y,Y,N,,active venue context,2,H,Y,venue_team
0364,supabase/migrations/20261279000000_invoice_void_rls_backstop.sql,in_owner_manager_sql,28,1,"and (status <> 'void' or current_user_role() in ('owner', 'manager'))","RLS/SQL current_user_role() in ('owner','manager')",owner|manager,payments.void_invoice,Y,Y,N,,sensitive capability conversion,6,H,Y,venue_team
0365,supabase/migrations/20261281000000_white_label_contract_signature.sql,current_user_role_rpc,"93,102",2,"or current_user_role() in ('owner', 'manager')",SQL/RPC current_user_role(),prefers venues.owner_user_id then staff role LIMIT 1,contracts.venue_sign|documents.delete,Y,Y,N,,sensitive capability conversion,6,M,Y,venue_team
0366,supabase/migrations/20261281000000_white_label_contract_signature.sql,current_user_venue_id,"75,81,88,90,101",5,using (venue_id = current_user_venue_id());,SQL/RPC current_user_venue_id(),owner_user_id venue then staff venue LIMIT 1,contracts.venue_sign|documents.delete,Y,Y,N,,sensitive capability conversion,6,M,Y,venue_team
0367,supabase/migrations/20261281000000_white_label_contract_signature.sql,in_owner_manager_sql,"93,102",2,"or current_user_role() in ('owner', 'manager')","RLS/SQL current_user_role() in ('owner','manager')",owner|manager,contracts.venue_sign|documents.delete,Y,Y,N,,sensitive capability conversion,6,H,Y,venue_team
0368,supabase/migrations/20261284000000_activity_timeline_automation.sql,current_user_venue_id,14,1,v_venue_id := current_user_venue_id();,SQL/RPC current_user_venue_id(),owner_user_id venue then staff venue LIMIT 1,ACTIVE_VENUE_CONTEXT,Y,Y,N,,active venue context,2,H,Y,venue_team
0369,supabase/migrations/20261287000000_automation_p1.sql,current_user_venue_id,30,1,v_venue_id := current_user_venue_id();,SQL/RPC current_user_venue_id(),owner_user_id venue then staff venue LIMIT 1,ACTIVE_VENUE_CONTEXT,Y,Y,N,,active venue context,2,H,Y,venue_team
0370,supabase/migrations/20261290000000_vendor_relationship_venue_staff_rls.sql,current_user_venue_id,"7,10,19,20,23,34",6,-- venue via current_user_venue_id() (Sprint 107 pattern).,SQL/RPC current_user_venue_id(),owner_user_id venue then staff venue LIMIT 1,ACTIVE_VENUE_CONTEXT,Y,Y,N,,active venue context,2,H,Y,venue_team
0371,supabase/migrations/20261290000000_vendor_relationship_venue_staff_rls.sql,owner_user_id,"6,24",2,"-- venues.owner_user_id = auth.uid(), blocking Manager/Staff who share the",venues.owner_user_id reference,singular venue owner column,OWNER_USER_ID_REF,Y,partial,N,d_obsolete_ownership_auth_signal,multi-owner + account contact,4,H,Y,venue_team
0372,supabase/migrations/20261292000000_vendor_venue_staff_rls.sql,current_user_venue_id,"7,9,23,38,46,55",6,-- Manager/Staff who share the venue via current_user_venue_id().,SQL/RPC current_user_venue_id(),owner_user_id venue then staff venue LIMIT 1,ACTIVE_VENUE_CONTEXT,Y,Y,N,,active venue context,2,H,Y,venue_team
0373,supabase/migrations/20261292000000_vendor_venue_staff_rls.sql,owner_user_id,6,1,"-- Three policies still checked venues.owner_user_id = auth.uid(), blocking",venues.owner_user_id reference,singular venue owner column,OWNER_USER_ID_REF,Y,partial,N,d_obsolete_ownership_auth_signal,multi-owner + account contact,4,H,Y,venue_team
0374,supabase/migrations/20261293000000_venue_enrollments.sql,owner_user_id,"68,98,99",3,p_owner_user_id uuid,venues.owner_user_id reference,singular venue owner column,OWNER_USER_ID_REF,Y,partial,N,a_account_contact,multi-owner + account contact,4,H,Y,venue_team
0375,supabase/migrations/20261295000000_setup_hub_state.sql,current_user_venue_id,"92,93,121,122",4,using      (venue_id = public.current_user_venue_id()),SQL/RPC current_user_venue_id(),owner_user_id venue then staff venue LIMIT 1,ACTIVE_VENUE_CONTEXT,Y,Y,N,,active venue context,2,H,Y,venue_team
0376,supabase/migrations/20261297000000_notification_preferences_email_correction.sql,owner_user_id,"124,206",2,from public.venues where owner_user_id = auth.uid();,venues.owner_user_id reference,singular venue owner column,OWNER_USER_ID_REF,Y,partial,N,d_obsolete_ownership_auth_signal,multi-owner + account contact,4,H,Y,venue_team
0377,supabase/migrations/20261298000000_coordinator_tour_availability_read.sql,current_user_venue_id,"2,19,62",3,"-- current_user_venue_id(), matching get_coordinator_tour_slots.",SQL/RPC current_user_venue_id(),owner_user_id venue then staff venue LIMIT 1,settings.availability,Y,Y,N,,remaining role-string retirement,9,M,Y,venue_team
0378,supabase/migrations/20261298000000_reminder_cadence_and_venue_email.sql,owner_user_id,"80,85,99,137",4,using (exists (select 1 from public.venues where id = venue_reminder_cadence.venue_id and owner_user_id = auth.uid()));,venues.owner_user_id reference,singular venue owner column,OWNER_USER_ID_REF,Y,partial,N,d_obsolete_ownership_auth_signal,multi-owner + account contact,4,H,Y,venue_team
0379,supabase/migrations/20261299000000_uploads_bucket_venue_scoped_write.sql,current_user_role_rpc,"14,31,40,45,54",5,"--   * current_user_role() in (owner, manager) — same Team Permissions",SQL/RPC current_user_role(),prefers venues.owner_user_id then staff role LIMIT 1,LEGACY_ROLE_RESOLUTION,Y,Y,N,,remaining role-string retirement,9,M,Y,venue_team
0380,supabase/migrations/20261299000000_uploads_bucket_venue_scoped_write.sql,current_user_venue_id,"13,30,39,44,53",5,--   * first path segment = current_user_venue_id() (cannot write another venue),SQL/RPC current_user_venue_id(),owner_user_id venue then staff venue LIMIT 1,ACTIVE_VENUE_CONTEXT,Y,Y,N,,active venue context,2,H,Y,venue_team
0381,supabase/migrations/20261299000000_uploads_bucket_venue_scoped_write.sql,in_owner_manager_sql,"31,40,45,54",4,"and public.current_user_role() in ('owner', 'manager')","RLS/SQL current_user_role() in ('owner','manager')",owner|manager,LEGACY_ROLE_RLS_GATE,Y,Y,N,,remaining role-string retirement,9,H,Y,venue_team
0382,supabase/migrations/20261300000000_migration_center_engine.sql,current_user_venue_id,"105,106,138,141,201,202",6,for all using (venue_id = public.current_user_venue_id()),SQL/RPC current_user_venue_id(),owner_user_id venue then staff venue LIMIT 1,ACTIVE_VENUE_CONTEXT,Y,Y,N,,active venue context,2,H,Y,venue_team
0383,supabase/migrations/20261301000000_historical_import_quiet_mode.sql,current_user_venue_id,141,1,else public.current_user_venue_id(),SQL/RPC current_user_venue_id(),owner_user_id venue then staff venue LIMIT 1,ACTIVE_VENUE_CONTEXT,Y,Y,N,,active venue context,2,H,Y,venue_team
0384,supabase/migrations/20261304000000_activate_enrollment_owner_staff.sql,owner_user_id,"8,35,59,60,72",5,p_owner_user_id uuid,venues.owner_user_id reference,singular venue owner column,OWNER_USER_ID_REF,Y,partial,N,a_account_contact,multi-owner + account contact,4,H,Y,venue_team
0385,supabase/migrations/20261309000000_inquiry_form_config.sql,current_user_venue_id,"57,58",2,using (venue_id = public.current_user_venue_id()),SQL/RPC current_user_venue_id(),owner_user_id venue then staff venue LIMIT 1,settings.venue_profile,Y,Y,N,,remaining role-string retirement,9,M,Y,venue_team
0386,supabase/migrations/20261310100000_sales_pipeline_reporting_remap.sql,current_user_venue_id,"14,357",2,v_venue_id uuid := public.current_user_venue_id();,SQL/RPC current_user_venue_id(),owner_user_id venue then staff venue LIMIT 1,reports.view|reports.schedule,Y,Y,N,,remaining role-string retirement,9,M,Y,venue_team
0387,supabase/migrations/20261310100000_sales_pipeline_reporting_remap.sql,owner_user_id,107,1,where owner_user_id = auth.uid();,venues.owner_user_id reference,singular venue owner column,reports.view|reports.schedule,Y,partial,N,d_obsolete_ownership_auth_signal,remaining role-string retirement,9,M,Y,venue_team
0388,supabase/migrations/20261318000000_tour_capacity_enforcement.sql,current_user_venue_id,"464,541",2,v_venue_id  uuid := public.current_user_venue_id();,SQL/RPC current_user_venue_id(),owner_user_id venue then staff venue LIMIT 1,ACTIVE_VENUE_CONTEXT,Y,Y,N,,active venue context,2,H,Y,venue_team
0389,supabase/migrations/20261322000000_tour_booking_atomicity.sql,current_user_venue_id,"232,310",2,v_venue_id  uuid := public.current_user_venue_id();,SQL/RPC current_user_venue_id(),owner_user_id venue then staff venue LIMIT 1,ACTIVE_VENUE_CONTEXT,Y,Y,N,,active venue context,2,H,Y,venue_team
0390,supabase/migrations/20261323000000_bring_business_cutover.sql,current_user_venue_id,394,1,v_venue_id := public.current_user_venue_id();,SQL/RPC current_user_venue_id(),owner_user_id venue then staff venue LIMIT 1,ACTIVE_VENUE_CONTEXT,Y,Y,N,,active venue context,2,H,Y,venue_team
0391,supabase/migrations/20261329000000_floor_plan_staff_write_gates.sql,current_user_role_rpc,"26,30,31,35,39,40,44,48,49,53,57,58,62,66,67,71,78,82",18,with check (current_user_role() is distinct from 'staff');,SQL/RPC current_user_role(),prefers venues.owner_user_id then staff role LIMIT 1,events.floor_plans,Y,Y,N,,staff narrowing / finance caps,7,M,Y,venue_team
0392,supabase/migrations/20261337000000_lifecycle_booking_events.sql,current_user_venue_id,"94,95,155",3,using (venue_id = public.current_user_venue_id()),SQL/RPC current_user_venue_id(),owner_user_id venue then staff venue LIMIT 1,ACTIVE_VENUE_CONTEXT,Y,Y,N,,active venue context,2,H,Y,venue_team
0393,supabase/migrations/20261339000000_reporting_frozen_acquisition_source.sql,current_user_venue_id,"109,167",2,where l.venue_id = public.current_user_venue_id(),SQL/RPC current_user_venue_id(),owner_user_id venue then staff venue LIMIT 1,reports.view|reports.schedule,Y,Y,N,,remaining role-string retirement,9,M,Y,venue_team
0394,supabase/migrations/20261339000000_reporting_frozen_acquisition_source.sql,owner_user_id,"201,399",2,where owner_user_id = auth.uid();,venues.owner_user_id reference,singular venue owner column,reports.view|reports.schedule,Y,partial,N,d_obsolete_ownership_auth_signal,remaining role-string retirement,9,M,Y,venue_team
0395,supabase/migrations/20261343000000_commercial_selections.sql,current_user_venue_id,"54,55",2,using      (venue_id = public.current_user_venue_id()),SQL/RPC current_user_venue_id(),owner_user_id venue then staff venue LIMIT 1,ACTIVE_VENUE_CONTEXT,Y,Y,N,,active venue context,2,H,Y,venue_team
0396,supabase/migrations/20261346000000_inbox_pass2_foundation.sql,current_user_venue_id,97,1,v_venue_id := current_user_venue_id();,SQL/RPC current_user_venue_id(),owner_user_id venue then staff venue LIMIT 1,ACTIVE_VENUE_CONTEXT,Y,Y,N,,active venue context,2,H,Y,venue_team
0397,supabase/migrations/20261347000000_communication_permissions.sql,current_user_venue_id,"45,46",2,using (venue_id = public.current_user_venue_id()),SQL/RPC current_user_venue_id(),owner_user_id venue then staff venue LIMIT 1,ACTIVE_VENUE_CONTEXT,Y,Y,N,,active venue context,2,H,Y,venue_team
0398,supabase/migrations/20261348000000_venue_twilio_accounts.sql,current_user_venue_id,40,1,using (venue_id = public.current_user_venue_id());,SQL/RPC current_user_venue_id(),owner_user_id venue then staff venue LIMIT 1,ACTIVE_VENUE_CONTEXT,Y,Y,N,,active venue context,2,H,Y,venue_team
0399,supabase/migrations/20261349000000_venue_texting_registrations.sql,current_user_venue_id,"79,84,89,90",4,using (venue_id = public.current_user_venue_id());,SQL/RPC current_user_venue_id(),owner_user_id venue then staff venue LIMIT 1,settings.texting,Y,Y,N,,sensitive capability conversion,6,M,Y,venue_team
0400,supabase/migrations/20261352000000_venue_schedule_item_types_catalog.sql,current_user_role_rpc,"366,373,377,384",4,"and public.current_user_role() in ('owner', 'manager')",SQL/RPC current_user_role(),prefers venues.owner_user_id then staff role LIMIT 1,LEGACY_ROLE_RESOLUTION,Y,Y,N,,remaining role-string retirement,9,M,Y,venue_team
0401,supabase/migrations/20261352000000_venue_schedule_item_types_catalog.sql,current_user_venue_id,"360,365,372,376,383",5,using (venue_id = public.current_user_venue_id());,SQL/RPC current_user_venue_id(),owner_user_id venue then staff venue LIMIT 1,ACTIVE_VENUE_CONTEXT,Y,Y,N,,active venue context,2,H,Y,venue_team
0402,supabase/migrations/20261352000000_venue_schedule_item_types_catalog.sql,in_owner_manager_sql,"366,373,377,384",4,"and public.current_user_role() in ('owner', 'manager')","RLS/SQL current_user_role() in ('owner','manager')",owner|manager,LEGACY_ROLE_RLS_GATE,Y,Y,N,,remaining role-string retirement,9,H,Y,venue_team
0403,supabase/migrations/20261355000000_contracts_signing_integrity.sql,current_user_role_rpc,331,1,"or current_user_role() in ('owner', 'manager')",SQL/RPC current_user_role(),prefers venues.owner_user_id then staff role LIMIT 1,contracts.venue_sign|documents.delete,Y,Y,N,,sensitive capability conversion,6,M,Y,venue_team
0404,supabase/migrations/20261355000000_contracts_signing_integrity.sql,current_user_venue_id,"326,328",2,using (venue_id = current_user_venue_id()),SQL/RPC current_user_venue_id(),owner_user_id venue then staff venue LIMIT 1,contracts.venue_sign|documents.delete,Y,Y,N,,sensitive capability conversion,6,M,Y,venue_team
0405,supabase/migrations/20261355000000_contracts_signing_integrity.sql,in_owner_manager_sql,331,1,"or current_user_role() in ('owner', 'manager')","RLS/SQL current_user_role() in ('owner','manager')",owner|manager,contracts.venue_sign|documents.delete,Y,Y,N,,sensitive capability conversion,6,H,Y,venue_team
0406,supabase/migrations/20261357000000_inbox_product_filters.sql,current_user_venue_id,41,1,v_venue_id := current_user_venue_id();,SQL/RPC current_user_venue_id(),owner_user_id venue then staff venue LIMIT 1,ACTIVE_VENUE_CONTEXT,Y,Y,N,,active venue context,2,H,Y,venue_team
0407,supabase/migrations/20261358000000_inbox_event_attribute_filters.sql,current_user_venue_id,57,1,v_venue_id := current_user_venue_id();,SQL/RPC current_user_venue_id(),owner_user_id venue then staff venue LIMIT 1,ACTIVE_VENUE_CONTEXT,Y,Y,N,,active venue context,2,H,Y,venue_team
0408,supabase/migrations/20261361000000_offerings_and_event_order_model.sql,current_user_venue_id,"62,63,67,68,138,142",6,using      (venue_id = public.current_user_venue_id()),SQL/RPC current_user_venue_id(),owner_user_id venue then staff venue LIMIT 1,ACTIVE_VENUE_CONTEXT,Y,Y,N,,active venue context,2,H,Y,venue_team
0409,supabase/migrations/20261364000000_vendor_inactive_filter_and_checkin_notification.sql,owner_user_id,420,1,and v.owner_user_id = auth.uid(),venues.owner_user_id reference,singular venue owner column,OWNER_USER_ID_REF,Y,partial,N,d_obsolete_ownership_auth_signal,multi-owner + account contact,4,H,Y,venue_team
0410,supabase/migrations/20261365000000_vendor_network_inquiry_and_process.sql,current_user_venue_id,"55,56,1353",3,using (venue_id = public.current_user_venue_id()),SQL/RPC current_user_venue_id(),owner_user_id venue then staff venue LIMIT 1,settings.venue_profile,Y,Y,N,,remaining role-string retirement,9,M,Y,venue_team
0411,supabase/migrations/20261367000000_seating_release_completion.sql,current_user_role_rpc,"24,34,44",3,"select public.current_user_role() in ('owner', 'manager', 'coordinator', 'staff');",SQL/RPC current_user_role(),prefers venues.owner_user_id then staff role LIMIT 1,events.floor_plans,Y,Y,N,,staff narrowing / finance caps,7,M,Y,venue_team
0412,supabase/migrations/20261367000000_seating_release_completion.sql,current_user_venue_id,"132,358,419,467,490,541",6,v_venue_id uuid := current_user_venue_id();,SQL/RPC current_user_venue_id(),owner_user_id venue then staff venue LIMIT 1,events.floor_plans,Y,Y,N,,staff narrowing / finance caps,7,M,Y,venue_team
0413,supabase/migrations/20261367000000_seating_release_completion.sql,in_owner_manager_sql,44,1,"select public.current_user_role() in ('owner', 'manager');","RLS/SQL current_user_role() in ('owner','manager')",owner|manager,events.floor_plans,Y,Y,N,,staff narrowing / finance caps,7,H,Y,venue_team
0414,supabase/migrations/20261369000000_questionnaire_review_changes_loop.sql,current_user_venue_id,67,1,using (venue_id = public.current_user_venue_id());,SQL/RPC current_user_venue_id(),owner_user_id venue then staff venue LIMIT 1,ACTIVE_VENUE_CONTEXT,Y,Y,N,,active venue context,2,H,Y,venue_team
0415,supabase/migrations/20261370000000_documents_workspace_completion.sql,current_user_venue_id,"50,51,72,144,390,397,404,408,415",9,using      (venue_id = public.current_user_venue_id()),SQL/RPC current_user_venue_id(),owner_user_id venue then staff venue LIMIT 1,ACTIVE_VENUE_CONTEXT,Y,Y,N,,active venue context,2,H,Y,venue_team
0416,supabase/migrations/20261377000000_lead_duplicate_reviews.sql,current_user_venue_id,"40,41",2,using (venue_id = public.current_user_venue_id()),SQL/RPC current_user_venue_id(),owner_user_id venue then staff venue LIMIT 1,ACTIVE_VENUE_CONTEXT,Y,Y,N,,active venue context,2,H,Y,venue_team
0417,supabase/migrations/20261378000000_workspace_provisioning_white_glove.sql,current_user_venue_id,"103,107,108,112,147",5,using (venue_id = public.current_user_venue_id());,SQL/RPC current_user_venue_id(),owner_user_id venue then staff venue LIMIT 1,ACTIVE_VENUE_CONTEXT,Y,Y,N,,active venue context,2,H,Y,venue_team
0418,supabase/migrations/20261378000000_workspace_provisioning_white_glove.sql,owner_user_id,"160,187,216,220,227,260,261,269",8,p_owner_user_id uuid,venues.owner_user_id reference,singular venue owner column,OWNER_USER_ID_REF,Y,partial,N,a_account_contact,multi-owner + account contact,4,H,Y,venue_team
0419,supabase/migrations/20261381000000_fix_activate_venue_enrollment_ambiguous_venue_id.sql,owner_user_id,"12,40,69,73,80,113,114,122",8,p_owner_user_id uuid,venues.owner_user_id reference,singular venue owner column,OWNER_USER_ID_REF,Y,partial,N,a_account_contact,multi-owner + account contact,4,H,Y,venue_team
0420,supabase/migrations/20261382000000_lifecycle_booking_unknown_date.sql,current_user_venue_id,42,1,where e.venue_id = public.current_user_venue_id(),SQL/RPC current_user_venue_id(),owner_user_id venue then staff venue LIMIT 1,ACTIVE_VENUE_CONTEXT,Y,Y,N,,active venue context,2,H,Y,venue_team
0421,supabase/migrations/20261389000000_post_event_feedback_review_loop.sql,current_user_venue_id,"3,283,380,413",4,-- 2) Fix venue RPCs: camelCase payloads + current_user_venue_id() (staff access),SQL/RPC current_user_venue_id(),owner_user_id venue then staff venue LIMIT 1,ACTIVE_VENUE_CONTEXT,Y,Y,N,,active venue context,2,H,Y,venue_team
0422,supabase/migrations/20261390000000_analytics_venue_staff_resolution.sql,current_user_venue_id,"7,33,41,49,53",5,-- not_found / empty results even though current_user_venue_id() already,SQL/RPC current_user_venue_id(),owner_user_id venue then staff venue LIMIT 1,ACTIVE_VENUE_CONTEXT,Y,Y,N,,active venue context,2,H,Y,venue_team
0423,supabase/migrations/20261390000000_analytics_venue_staff_resolution.sql,owner_user_id,"5,32,40,48",4,-- get_luv_rollups() still resolved the venue via venues.owner_user_id =,venues.owner_user_id reference,singular venue owner column,OWNER_USER_ID_REF,Y,partial,N,a_account_contact_or_historical,multi-owner + account contact,4,H,Y,venue_team
0424,supabase/migrations/20261397000000_reporting_business_record_boundary.sql,current_user_venue_id,"226,243,267,279,415,452",6,where i.venue_id = public.current_user_venue_id(),SQL/RPC current_user_venue_id(),owner_user_id venue then staff venue LIMIT 1,reports.view|reports.schedule,Y,Y,N,,remaining role-string retirement,9,M,Y,venue_team
0425,supabase/migrations/20261399000000_identity_confirmation_relationships.sql,current_user_venue_id,221,1,else public.current_user_venue_id(),SQL/RPC current_user_venue_id(),owner_user_id venue then staff venue LIMIT 1,ACTIVE_VENUE_CONTEXT,Y,Y,N,,active venue context,2,H,Y,venue_team
0426,supabase/migrations/20261399600000_tour_protection_requests.sql,current_user_venue_id,"86,87",2,using (venue_id = public.current_user_venue_id()),SQL/RPC current_user_venue_id(),owner_user_id venue then staff venue LIMIT 1,ACTIVE_VENUE_CONTEXT,Y,Y,N,,active venue context,2,H,Y,venue_team
0427,supabase/migrations/20261400600000_inbox_open_lead_lifecycle_filter.sql,current_user_venue_id,61,1,v_venue_id := current_user_venue_id();,SQL/RPC current_user_venue_id(),owner_user_id venue then staff venue LIMIT 1,ACTIVE_VENUE_CONTEXT,Y,Y,N,,active venue context,2,H,Y,venue_team
0428,supabase/migrations/20261400700000_inbox_conversation_ownership.sql,current_user_venue_id,197,1,v_venue_id := current_user_venue_id();,SQL/RPC current_user_venue_id(),owner_user_id venue then staff venue LIMIT 1,ACTIVE_VENUE_CONTEXT,Y,Y,N,,active venue context,2,H,Y,venue_team
0429,supabase/migrations/20261402100000_inbox_needs_response_persisted.sql,current_user_venue_id,"96,122,223",3,v_venue_id := current_user_venue_id();,SQL/RPC current_user_venue_id(),owner_user_id venue then staff venue LIMIT 1,ACTIVE_VENUE_CONTEXT,Y,Y,N,,active venue context,2,H,Y,venue_team
0430,supabase/migrations/20261402400000_canonical_booked_transition.sql,current_user_venue_id,"83,101,118,259",4,where i.venue_id = public.current_user_venue_id(),SQL/RPC current_user_venue_id(),owner_user_id venue then staff venue LIMIT 1,ACTIVE_VENUE_CONTEXT,Y,Y,N,,active venue context,2,H,Y,venue_team
0431,supabase/migrations/20261402700000_inbox_active_lifecycle_population.sql,current_user_venue_id,"18,104",2,and c.venue_id = current_user_venue_id(),SQL/RPC current_user_venue_id(),owner_user_id venue then staff venue LIMIT 1,ACTIVE_VENUE_CONTEXT,Y,Y,N,,active venue context,2,H,Y,venue_team
0432,supabase/migrations/20261402800000_inbox_header_matches_visible_tabs.sql,current_user_venue_id,16,1,and c.venue_id = current_user_venue_id(),SQL/RPC current_user_venue_id(),owner_user_id venue then staff venue LIMIT 1,ACTIVE_VENUE_CONTEXT,Y,Y,N,,active venue context,2,H,Y,venue_team
0433,supabase/migrations/20261403300000_relationship_couple_photos.sql,current_user_venue_id,58,1,venue_id = public.current_user_venue_id(),SQL/RPC current_user_venue_id(),owner_user_id venue then staff venue LIMIT 1,ACTIVE_VENUE_CONTEXT,Y,Y,N,,active venue context,2,H,Y,venue_team
0434,supabase/migrations/20261404700000_inbox_event_type_lead_filter.sql,current_user_venue_id,51,1,v_venue_id := current_user_venue_id();,SQL/RPC current_user_venue_id(),owner_user_id venue then staff venue LIMIT 1,ACTIVE_VENUE_CONTEXT,Y,Y,N,,active venue context,2,H,Y,venue_team
0435,supabase/migrations/20261404800000_reminder_before_due_offsets.sql,owner_user_id,"86,126",2,select id into v_venue_id from public.venues where owner_user_id = auth.uid();,venues.owner_user_id reference,singular venue owner column,OWNER_USER_ID_REF,Y,partial,N,d_obsolete_ownership_auth_signal,multi-owner + account contact,4,H,Y,venue_team
0436,supabase/seed.sql,owner_user_id,69,1,"id, owner_user_id, name, business_name, email, phone, website,",venues.owner_user_id reference,singular venue owner column,OWNER_USER_ID_REF,Y,partial,N,c_review_specific_actor_or_contact,multi-owner + account contact,4,H,Y,venue_team
HQ-001,workspace/** (Program 4),program4_roles,,0,Owner/Administrator/Sales/... HQ CRM roles — OUT OF SCOPE for venue-team waves,workspace/lib/program4/permissions.ts,HTC HQ internal roles,OUT_OF_SCOPE_HQ,n/a,n/a,n/a,,none,0,L,N,hq_program4_excluded
